order_id,order_date,customer_id,product_id,quantity,revenue
10000,2023-05-01,91,25,6,53131.82
10001,2023-12-10,71,36,7,9509.87
10002,2024-03-02,225,29,3,13072.45
10003,2023-12-08,293,30,2,17487.2
10004,2024-05-04,248,32,2,4845.83
10005,2025-02-27,83,14,1,4500000.0
10006,2023-09-29,248,6,1,6979.97
10007,2024-05-13,258,19,3,6251.33
10008,2025-03-09,220,39,2,4175.64
10009,2023-03-04,144,34,6,43437.12
10010,2025-10-26,209,29,5,24757.23
10011,2025-12-25,281,15,3,18323.9
10012,2023-11-14,10,9,1,3839.01
10013,2025-08-31,89,33,8,67275.26
10014,2023-10-04,223,18,2,3254.35
10015,2025-09-30,278,32,7,19494.12
10016,2024-12-23,101,9,8,30127.45
10017,2023-09-28,91,19,8,17545.26
10018,2023-03-09,265,32,5,14177.15
10019,2024-03-07,135,36,5,6621.62
10020,2025-03-26,11,2,7,59430.07
10021,2023-09-06,190,16,7,58653.58
10022,2024-07-17,3,11,6,18093.21
10023,2023-05-17,167,30,8,68187.68
10024,2024-04-10,131,32,2,4890.66
10025,2023-02-06,202,26,1,6946.16
10026,2025-12-16,86,30,5,39718.83
10027,2024-07-05,209,14,5,8283.46
10028,2025-07-11,34,3,7,12608.85
10029,2023-05-15,81,22,2,11283.04
10030,2023-07-03,283,1,1,9085.07
10031,2023-07-13,3,25,7,55721.43
10032,2024-09-14,297,25,8,73269.14
10033,2025-07-31,218,22,2,10995.69
10034,2024-10-26,147,34,2,14610.73
10035,2024-06-14,181,5,6,20483.42
10036,2025-10-28,113,17,6,10465.81
10037,2023-07-21,170,40,3,3341.13
10038,2023-06-30,67,11,5,14777.66
10039,2025-01-03,149,39,6,13249.76
10040,2025-07-24,123,1,1,8343.39
10041,2023-10-19,279,2,6,48447.99
10042,2023-10-13,283,9,5,20949.9
10043,2024-07-30,90,38,8,37956.76
10044,2025-05-02,188,26,2,14225.83
10045,2023-11-06,274,22,7,39358.92
10046,2025-06-21,108,5,6,19492.77
10047,2024-07-19,51,6,4,25442.93
10048,2025-02-11,293,35,1,1835.94
10049,2024-11-19,209,33,6,47800.49
10050,2024-06-10,90,3,8,15884.23
10051,2024-08-10,283,18,2,3626.84
10052,2025-12-25,264,22,2,11719.64
10053,2024-03-09,47,29,1,4373.53
10054,2025-10-31,117,1,2,15209.45
10055,2025-05-15,232,34,6,41865.54
10056,2023-07-19,73,22,2,10297.46
10057,2025-08-14,82,22,8,42393.61
10058,2024-02-24,156,15,8,48252.78
10059,2023-07-16,18,2,6,50225.33
10060,2023-10-04,139,38,1,4856.75
10061,2023-05-30,130,33,5,39430.4
10062,2024-01-07,38,34,2,15129.4
10063,2023-05-04,210,28,6,15544.48
10064,2024-08-18,170,20,6,12785.67
10065,2025-12-08,86,37,6,19068.06
10066,2025-11-21,144,5,6,22610.95
10067,2025-10-28,286,11,5,14692.36
10068,2023-09-24,95,18,7,13461.56
10069,2023-09-10,1,32,3,7759.22
10070,2025-01-12,48,14,8,11244.68
10071,2025-11-28,81,35,7,12949.73
10072,2025-06-23,34,13,1,4201.59
10073,2023-08-16,103,15,3,19841.55
10074,2025-03-17,131,13,5,22114.4
10075,2024-07-08,112,17,8,13924.18
10076,2024-04-29,199,33,8,55923.96
10077,2024-06-28,90,14,7,10316.34
10078,2024-08-20,55,20,1,2273.61
10079,2025-09-28,7,1,7,60550.02
10080,2025-05-17,227,23,1,8477.02
10081,2023-02-14,63,10,7,55142.59
10082,2025-04-15,83,20,6,12980.69
10083,2023-12-12,79,14,8,13063.95
10084,2024-01-05,291,16,7,65011.39
10085,2024-10-18,202,5,8,27169.58
10086,2025-12-13,182,19,6,14808.12
10087,2023-03-14,114,31,5,31630.57
10088,2024-07-16,253,25,2,15905.72
10089,2023-09-17,217,18,4,6941.18
10090,2025-09-27,284,34,1,7538.55
10091,2024-05-24,133,23,6,52236.78
10092,2025-07-25,69,25,4,34775.35
10093,2025-08-22,103,12,8,15795.66
10094,2023-04-20,240,28,8,18393.54
10095,2025-04-13,48,15,6,35751.24
10096,2025-05-15,181,8,8,59439.66
10097,2025-06-26,69,31,1,7049.27
10098,2025-12-17,257,24,4,16531.99
10099,2025-04-13,271,19,1,2055.08
10100,2025-07-01,208,29,2,9459.07
10101,2025-02-13,137,24,4,19579.5
10102,2023-11-20,194,31,7,52931.17
10103,2025-07-19,95,17,7,11461.98
10104,2025-02-05,193,40,6,6337.34
10105,2025-01-16,66,23,8,73274.51
10106,2025-12-01,118,19,8,19868.55
10107,2025-03-16,263,36,4,5260.22
10108,2024-01-07,32,40,2,2324.69
10109,2023-11-27,212,11,5,15086.53
10110,2023-12-26,95,10,8,62072.48
10111,2023-07-03,209,21,5,25672.81
10112,2023-03-30,208,3,8,13357.88
10113,2025-04-08,242,28,1,2318.28
10114,2025-05-07,192,28,4,9491.57
10115,2023-07-01,73,4,1,2132.97
10116,2024-03-07,192,11,6,16822.3
10117,2025-10-03,220,39,5,10602.87
10118,2025-07-05,138,8,3,23441.98
10119,2024-10-15,22,20,5,11299.07
10120,2025-11-29,258,28,6,14493.09
10121,2023-12-27,200,10,7,57967.58
10122,2025-07-13,82,14,8,12690.45
10123,2025-10-22,97,31,2,13812.58
10124,2024-10-10,266,17,1,1817.33
10125,2023-06-19,199,33,7,49953.97
10126,2023-11-18,227,3,5,9944.69
10127,2024-07-17,68,26,3,21881.5
10128,2023-11-02,52,14,6,8401.73
10129,2023-04-11,107,37,5,15249.81
10130,2023-07-06,227,18,6,10252.68
10131,2025-11-23,202,4,6,12095.13
10132,2024-02-23,72,34,8,57048.84
10133,2024-09-22,282,22,2,11546.75
10134,2024-04-25,39,3,7,12942.61
10135,2025-05-30,103,30,8,68186.36
10136,2023-04-21,199,24,4,16834.52
10137,2023-11-05,51,37,8,21369.23
10138,2024-10-02,147,29,6,28063.55
10139,2025-05-27,38,26,8,61058.87
10140,2024-05-20,231,9,5,17715.15
10141,2025-02-08,202,25,1,9088.91
10142,2025-05-26,8,7,2,16175.23
10143,2024-12-05,269,16,6,55036.85
10144,2025-06-16,264,18,8,13398.33
10145,2025-11-06,6,23,6,53536.84
10146,2023-08-28,175,9,6,22922.3
10147,2024-04-19,104,23,8,72807.66
10148,2023-09-05,133,13,3,12510.91
10149,2024-03-30,51,37,2,5648.68
10150,2023-01-03,68,40,8,8741.85
10151,2025-01-27,287,34,1,6545.16
10152,2023-09-16,83,10,3,27424.25
10153,2025-07-03,40,30,7,59332.99
10154,2025-02-26,238,40,3,3500.11
10155,2024-01-02,21,37,3,8201.64
10156,2024-05-12,295,35,8,16668.99
10157,2025-01-03,231,3,1,1743.34
10158,2024-04-01,2,7,6,45531.67
10159,2023-08-17,300,31,1,6881.61
10160,2023-02-17,156,13,1,4339.96
10161,2024-08-27,233,19,6,13741.85
10162,2024-08-05,180,20,5,11169.6
10163,2025-04-22,35,31,5,32686.4
10164,2023-05-23,186,30,3,25800.82
10165,2023-03-13,123,12,6,10357.65
10166,2025-03-17,225,32,2,4943.56
10167,2025-03-07,157,19,7,16739.64
10168,2025-05-24,167,24,5,23105.6
10169,2023-01-17,270,33,1,8086.25
10170,2024-12-18,107,12,4,7855.14
10171,2025-11-15,227,2,8,76580.27
10172,2025-04-16,51,27,4,29483.7
10173,2024-05-28,19,12,8,15867.56
10174,2024-06-04,197,11,1,2913.61
10175,2024-03-23,136,20,8,18202.6
10176,2023-03-02,167,36,2,2588.05
10177,2025-02-27,234,35,7,13684.96
10178,2024-08-12,199,30,1,8393.11
10179,2024-07-27,163,11,4,10525.21
10180,2025-10-18,269,38,6,29322.89
10181,2025-03-11,201,33,2,15002.3
10182,2025-11-16,295,2,8,74282.45
10183,2023-04-03,291,10,8,69883.22
10184,2025-11-08,274,5,3,10985.33
10185,2024-09-08,294,13,4,15974.82
10186,2024-03-16,48,28,8,19134.46
10187,2024-09-03,252,23,4,33375.15
10188,2023-02-10,285,6,8,55425.37
10189,2025-10-17,172,27,6,48832.51
10190,2024-11-20,60,24,4,17845.08
10191,2023-02-13,93,36,6,8499.91
10192,2025-09-27,243,13,5,20268.75
10193,2024-05-10,48,36,6,8637.6
10194,2023-05-11,127,27,4,34167.41
10195,2024-11-22,51,11,5,15672.73
10196,2023-03-17,299,13,5,23186.54
10197,2024-08-26,193,30,5,40702.84
10198,2025-04-13,7,28,5,12831.72
10199,2023-03-23,232,26,7,
10200,2025-05-16,58,17,2,3166.75
10201,2024-10-11,258,16,4,35902.45
10202,2023-12-21,172,23,5,45985.2
10203,2023-09-01,275,32,3,8015.64
10204,2023-01-13,41,11,7,21667.01
10205,2023-08-03,87,36,8,9824.82
10206,2023-11-08,55,8,5,41390.59
10207,2025-08-20,101,20,7,17073.73
10208,2024-07-16,261,13,1,4367.46
10209,2023-08-05,59,37,6,19016.19
10210,2025-03-24,260,8,4,28342.19
10211,2024-05-12,164,6,2,12927.73
10212,2025-07-03,3,28,7,15439.66
10213,2025-04-01,284,7,1,8560.29
10214,2025-10-18,102,40,8,9240.11
10215,2025-02-13,228,31,8,60493.34
10216,2023-04-29,121,36,7,8681.8
10217,2024-08-29,132,13,8,36794.89
10218,2024-04-10,28,30,6,50374.18
10219,2025-06-02,48,24,3,12630.33
10220,2023-06-18,184,17,7,12681.12
10221,2024-05-25,253,20,6,13571.48
10222,2025-06-23,131,1,6,45734.67
10223,2024-11-10,269,6,1,6478.09
10224,2023-02-11,271,5,4,14829.87
10225,2025-06-15,231,31,4,29798.0
10226,2024-02-06,236,11,3,8181.9
10227,2025-01-12,88,30,6,50703.43
10228,2024-12-16,63,29,8,33207.2
10229,2024-12-03,118,6,3,21570.08
10230,2024-04-01,276,14,3,4199.45
10231,2024-03-20,176,11,7,22227.16
10232,2023-04-21,208,5,4,14494.89
10233,2024-09-03,276,33,8,64998.37
10234,2023-11-15,247,15,7,46055.28
10235,2024-03-09,73,37,2,5850.67
10236,2023-07-03,251,34,3,21054.37
10237,2025-03-26,126,35,6,11299.07
10238,2025-10-07,228,30,1,7943.76
10239,2024-02-21,19,21,4,19060.2
10240,2024-04-09,73,18,2,3351.09
10241,2024-05-25,1,15,2,13120.4
10242,2023-03-20,298,26,7,49173.3
10243,2025-04-07,74,18,3,5342.16
10244,2025-08-22,222,35,7,14080.89
10245,2024-07-05,243,8,4,32965.96
10246,2023-03-09,78,15,7,47668.17
10247,2024-01-06,203,20,8,17142.74
10248,2023-06-22,143,12,6,10989.46
10249,2025-06-24,144,10,7,63915.86
10250,2025-05-26,76,23,2,16389.08
10251,2024-02-22,123,7,1,8612.28
10252,2024-02-17,65,32,8,21249.75
10253,2025-07-13,80,16,1,9201.71
10254,2023-04-08,109,31,1,7039.48
10255,2025-05-09,230,3,8,15545.95
10256,2025-11-19,213,32,2,5031.4
10257,2024-05-04,147,19,5,12309.15
10258,2025-04-05,102,35,1,2026.88
10259,2025-02-19,22,28,5,11427.62
10260,2025-09-08,88,33,3,23849.72
10261,2023-02-07,189,27,3,24295.62
10262,2025-02-11,263,5,1,3876.98
10263,2024-03-02,298,40,7,7664.96
10264,2025-07-29,247,16,8,71520.37
10265,2025-07-31,22,36,5,6571.04
10266,2023-11-10,203,21,2,10217.57
10267,2024-09-26,300,26,5,33280.68
10268,2024-06-24,32,8,2,15497.83
10269,2024-09-02,30,36,2,2903.66
10270,2025-06-30,277,32,7,18395.13
10271,2024-12-28,93,18,7,11568.43
10272,2025-04-08,292,17,2,3046.64
10273,2025-01-12,293,32,2,5550.17
10274,2023-10-01,147,7,8,63519.51
10275,2024-10-01,292,12,2,3758.78
10276,2024-02-20,157,6,4,28939.36
10277,2024-04-05,56,22,5,29995.76
10278,2023-05-03,180,15,1,6433.77
10279,2023-07-20,217,40,7,8078.6
10280,2024-01-12,175,36,6,7965.91
10281,2023-11-17,184,24,3,14555.72
10282,2024-11-27,105,31,8,57679.42
10283,2023-11-17,120,21,3,14252.33
10284,2023-09-29,20,18,7,13066.83
10285,2024-04-16,236,32,2,4809.8
10286,2024-09-14,278,15,7,48976.71
10287,2025-12-29,191,13,5,19858.17
10288,2024-07-12,107,6,7,48891.31
10289,2024-01-22,68,34,7,46285.02
10290,2023-12-19,272,32,6,15604.12
10291,2024-05-04,148,1,2,16352.92
10292,2025-10-11,265,34,4,30557.35
10293,2024-02-11,213,10,5,39852.55
10294,2023-09-27,65,36,8,11308.78
10295,2024-09-28,187,8,5,41166.63
10296,2025-04-26,49,7,8,60458.71
10297,2025-11-03,163,11,1,3026.25
10298,2023-11-04,71,38,3,12874.29
10299,2025-08-31,222,38,5,24710.13
10300,2025-07-25,177,27,7,58565.61
10301,2024-02-17,41,1,3,23356.71
10302,2024-01-02,124,25,4,36177.7
10303,2023-10-20,13,12,2,3577.23
10304,2023-12-14,290,30,7,55860.45
10305,2025-08-26,10,23,8,75153.3
10306,2023-12-07,142,36,7,9258.53
10307,2024-06-24,187,29,1,4262.32
10308,2025-10-20,78,13,6,25298.08
10309,2025-01-20,131,31,3,22573.61
10310,2023-05-24,94,10,5,45781.29
10311,2023-03-22,251,16,5,44100.34
10312,2023-09-02,213,10,5,41687.97
10313,2025-08-06,292,9,4,15783.71
10314,2023-09-06,251,17,5,8965.21
10315,2023-12-09,34,35,1,1803.63
10316,2024-08-14,261,18,5,9304.47
10317,2024-06-25,114,5,7,27405.35
10318,2023-03-24,106,31,8,54634.03
10319,2023-08-05,126,3,2,3661.87
10320,2025-12-24,160,23,1,9380.77
10321,2024-04-05,164,10,4,32770.16
10322,2023-11-01,8,37,3,8549.93
10323,2025-06-25,273,20,8,19284.86
10324,2024-05-25,124,17,6,10020.01
10325,2025-06-25,180,38,8,38548.79
10326,2023-06-24,77,19,5,10836.36
10327,2024-06-02,92,30,8,68774.88
10328,2025-06-06,192,18,6,10263.47
10329,2025-04-20,199,23,4,36325.33
10330,2025-01-11,143,20,1,2245.64
10331,2024-05-16,99,21,6,33725.73
10332,2025-06-21,8,18,1,1773.67
10333,2024-02-13,167,28,7,17716.17
10334,2024-12-23,21,20,3,6666.63
10335,2024-08-20,30,26,2,14376.84
10336,2023-11-27,79,30,6,47468.4
10337,2023-08-09,170,14,8,12630.35
10338,2024-08-05,8,7,6,51293.55
10339,2023-12-13,144,4,1,1888.58
10340,2024-07-20,158,24,3,13494.19
10341,2025-02-12,194,9,6,25178.34
10342,2025-05-28,276,15,2,11968.81
10343,2025-04-23,171,32,2,5147.88
10344,2024-07-12,78,19,4,9666.99
10345,2023-03-04,172,26,2,13700.39
10346,2023-07-17,274,6,5,30092.19
10347,2025-03-13,222,32,2,5186.28
10348,2024-10-13,91,24,3,13275.98
10349,2025-06-14,41,2,8,77655.06
10350,2024-06-21,145,19,7,16367.6
10351,2024-05-02,226,37,2,6167.12
10352,2023-09-26,179,19,3,6612.72
10353,2023-03-10,188,16,8,76843.13
10354,2023-06-07,69,2,8,76234.96
10355,2025-01-17,207,38,2,8596.24
10356,2024-09-26,189,9,8,31955.43
10357,2023-09-27,120,24,3,14459.25
10358,2024-02-02,214,18,2,3619.55
10359,2024-12-05,26,22,2,12067.19
10360,2024-02-23,47,5,5,17029.96
10361,2024-02-17,277,33,8,62966.42
10362,2023-10-23,144,7,8,66674.62
10363,2024-11-28,249,26,1,6668.35
10364,2025-09-01,184,11,3,9195.82
10365,2023-10-10,293,27,7,53911.35
10366,2023-11-15,207,4,8,16585.68
10367,2024-06-05,139,7,3,26238.71
10368,2023-07-28,288,37,2,6109.62
10369,2024-07-28,266,25,8,61821.79
10370,2025-08-27,271,33,4,28187.95
10371,2024-11-21,262,15,7,47401.73
10372,2023-06-30,102,31,3,21510.71
10373,2023-08-11,165,4,3,5614.01
10374,2023-03-25,289,29,8,33521.3
10375,2025-11-19,271,6,5,
10376,2024-01-14,148,26,5,32525.65
10377,2023-11-13,245,20,2,4885.37
10378,2025-07-29,201,26,3,19707.33
10379,2023-12-02,31,11,4,12638.13
10380,2023-09-12,188,5,5,18656.88
10381,2023-10-08,41,31,1,
10382,2024-03-09,274,19,3,7024.48
10383,2023-03-15,123,5,6,22286.29
10384,2024-12-02,48,17,5,8034.49
10385,2024-04-08,160,1,5,41855.22
10386,2025-11-28,28,36,8,9892.49
10387,2025-04-25,196,40,3,2908.87
10388,2024-02-25,249,17,1,1827.94
10389,2025-02-15,170,13,1,4671.0
10390,2025-06-02,97,26,8,58445.62
10391,2023-08-03,263,21,8,38202.02
10392,2023-06-24,16,31,5,35666.69
10393,2023-05-30,241,9,1,4036.56
10394,2023-02-19,217,16,1,8776.31
10395,2023-12-18,31,9,3,11326.54
10396,2025-05-19,298,38,1,4892.85
10397,2025-04-21,102,17,1,1514.56
10398,2024-02-18,288,26,3,20736.23
10399,2024-06-18,267,32,4,9817.4
10400,2025-04-20,50,25,7,58131.74
10401,2025-10-07,227,2,4,36144.22
10402,2023-11-05,172,40,6,6294.27
10403,2024-12-19,5,34,5,38207.55
10404,2024-10-12,113,13,7,32889.12
10405,2024-11-10,189,40,3,3364.0
10406,2025-05-28,36,36,8,11469.99
10407,2025-04-20,38,23,2,17190.19
10408,2024-03-09,150,18,1,1676.55
10409,2025-04-01,152,15,7,47360.5
10410,2023-03-01,277,11,5,13397.19
10411,2024-01-12,299,10,3,25515.84
10412,2023-08-27,255,5,2,7344.78
10413,2023-10-09,23,8,3,20926.47
10414,2025-09-14,174,40,6,6017.68
10415,2024-04-24,248,13,4,18061.36
10416,2023-03-21,157,9,1,4146.81
10417,2024-06-19,146,35,3,5868.95
10418,2023-03-17,14,24,5,22434.38
10419,2023-06-05,294,1,6,52442.71
10420,2024-02-24,149,11,5,14747.32
10421,2024-04-28,258,32,1,2560.82
10422,2023-09-12,152,12,2,3722.06
10423,2024-12-01,20,27,3,24410.9
10424,2024-06-28,64,24,6,28364.7
10425,2023-05-29,193,1,4,33973.97
10426,2025-06-19,76,6,1,6856.8
10427,2023-06-01,259,3,3,5223.05
10428,2024-01-29,115,33,5,36057.3
10429,2023-07-10,84,30,7,61684.55
10430,2025-10-30,104,6,2,12551.62
10431,2023-11-07,212,27,3,23131.66
10432,2025-08-07,73,7,2,17832.73
10433,2025-11-19,77,13,4,16226.38
10434,2023-08-28,282,28,4,9785.69
10435,2023-01-29,62,35,4,7597.53
10436,2023-01-15,120,12,2,3713.24
10437,2023-07-21,100,9,7,28804.96
10438,2024-03-14,101,1,5,44643.88
10439,2023-06-30,88,18,2,3709.11
10440,2025-11-13,37,23,4,34499.07
10441,2024-06-03,289,5,7,25257.3
10442,2025-07-17,295,27,6,43779.7
10443,2023-01-17,71,26,8,51359.57
10444,2023-05-26,277,7,5,43447.43
10445,2024-05-16,128,4,3,5498.19
10446,2023-06-28,240,8,2,16443.8
10447,2023-06-28,146,8,2,14182.96
10448,2023-01-27,98,8,5,39500.31
10449,2023-10-23,208,31,7,48216.84
10450,2025-04-15,124,10,6,51217.45
10451,2025-05-17,291,21,3,16356.44
10452,2024-07-11,279,31,3,20031.44
10453,2023-07-21,185,27,2,16634.0
10454,2024-05-07,186,17,3,5294.21
10455,2024-11-06,259,30,1,8431.29
10456,2023-06-11,267,1,2,17031.07
10457,2024-03-20,40,25,5,41021.29
10458,2025-06-20,33,14,2,3395.24
10459,2024-04-02,199,8,8,59174.79
10460,2024-05-30,276,8,2,14350.15
10461,2025-06-13,52,28,8,19116.26
10462,2025-01-05,252,39,7,15626.6
10463,2023-06-26,262,5,5,19408.61
10464,2024-10-29,172,13,3,13299.59
10465,2025-10-08,179,11,4,11357.58
10466,2023-08-21,197,20,6,14160.95
10467,2025-09-05,41,18,8,14221.96
10468,2024-10-04,77,27,3,24939.36
10469,2025-01-01,256,5,6,22892.4
10470,2023-12-29,178,21,7,37770.81
10471,2023-02-24,158,5,8,31322.07
10472,2023-01-30,207,33,3,23895.0
10473,2024-12-27,146,27,6,51302.86
10474,2025-12-12,282,36,5,6975.74
10475,2024-10-19,25,30,6,46983.52
10476,2024-01-27,206,28,3,7266.89
10477,2025-04-25,273,15,6,40228.84
10478,2025-11-01,158,34,8,55974.33
10479,2023-08-23,155,16,2,16617.3
10480,2023-04-24,270,10,8,64803.44
10481,2025-11-09,260,9,3,12263.73
10482,2023-02-19,111,21,1,4882.8
10483,2025-08-28,23,21,1,4679.22
10484,2023-06-07,288,11,5,15609.94
10485,2023-05-06,204,24,8,39037.74
10486,2023-10-30,284,9,2,8311.07
10487,2023-12-12,113,38,8,39703.93
10488,2023-12-29,186,2,1,9352.7
10489,2023-02-05,161,2,5,
10490,2025-07-24,110,14,5,7995.65
10491,2025-06-28,188,37,2,6131.95
10492,2025-01-14,137,9,7,26161.35
10493,2025-09-29,248,40,1,1003.16
10494,2025-10-23,65,14,2,3224.4
10495,2025-12-19,277,14,4,6336.47
10496,2024-02-16,187,5,3,11783.42
10497,2024-11-01,51,30,4,32624.94
10498,2025-04-15,16,35,3,5896.89
10499,2024-12-30,258,33,2,14300.71
10500,2025-05-16,203,6,5,29992.61
10501,2025-01-12,36,27,1,7245.62
10502,2024-02-28,259,18,5,8946.67
10503,2024-09-16,4,12,6,11873.98
10504,2023-08-07,96,31,4,25690.33
10505,2025-11-08,91,25,7,54795.65
10506,2025-09-07,169,35,6,12436.53
10507,2024-10-27,86,36,1,1300.41
10508,2025-04-20,258,35,4,7273.04
10509,2024-01-03,232,5,3,11563.0
10510,2024-02-22,102,25,3,23428.26
10511,2024-07-15,169,20,3,6661.13
10512,2023-10-17,29,8,7,55665.72
10513,2023-01-21,117,1,5,44304.58
10514,2024-03-09,47,9,2,8445.58
10515,2025-03-03,238,34,5,36187.52
10516,2023-10-13,65,28,4,8782.89
10517,2025-01-29,281,32,4,9454.04
10518,2024-10-17,224,37,1,3005.61
10519,2024-04-06,193,2,7,63036.45
10520,2025-03-05,128,17,8,12758.24
10521,2025-07-21,196,30,4,30968.07
10522,2025-11-07,122,30,3,24148.49
10523,2025-04-07,259,28,3,6785.45
10524,2023-04-11,244,6,4,25799.1
10525,2024-01-04,88,6,7,45118.87
10526,2024-08-01,284,18,8,14765.9
10527,2023-03-26,299,22,7,38301.55
10528,2024-04-02,52,13,6,28012.08
10529,2023-05-25,53,28,8,18903.72
10530,2024-08-29,5,9,1,3707.81
10531,2023-07-21,14,14,2,3367.39
10532,2023-10-24,31,5,3,11056.01
10533,2023-11-29,247,21,2,11083.53
10534,2025-12-01,233,30,6,47128.93
10535,2024-05-05,53,40,4,4667.61
10536,2024-08-31,227,10,2,17146.97
10537,2025-10-13,101,26,8,54230.74
10538,2023-01-16,112,3,3,5285.11
10539,2023-11-01,154,21,5,23849.56
10540,2024-04-09,185,36,5,6137.52
10541,2025-09-10,34,3,5,8706.39
10542,2025-03-02,270,16,7,59930.74
10543,2025-01-15,128,5,3,10796.79
10544,2024-02-19,137,22,4,21605.96
10545,2025-07-23,107,35,8,14545.33
10546,2023-07-23,245,19,5,10514.93
10547,2024-03-17,26,30,2,14997.51
10548,2024-01-26,11,13,1,3963.79
10549,2023-01-04,181,34,5,34090.72
10550,2023-04-11,261,10,2,17158.56
10551,2025-05-11,136,24,6,24899.01
10552,2025-10-30,63,15,4,27408.89
10553,2023-09-26,48,24,7,34255.15
10554,2023-03-26,134,11,1,2968.77
10555,2023-06-06,237,22,7,35111.25
10556,2023-03-06,289,11,7,19020.3
10557,2025-05-25,124,30,4,33264.96
10558,2023-02-23,112,10,5,45370.53
10559,2025-01-21,8,14,3,5104.75
10560,2025-05-18,257,1,5,43942.07
10561,2023-08-21,264,20,8,19396.54
10562,2023-09-08,53,1,1,7714.9
10563,2023-10-21,123,19,5,11336.36
10564,2025-04-11,51,35,6,11947.83
10565,2025-10-25,28,27,3,22099.28
10566,2025-04-07,241,21,2,
10567,2023-10-22,87,9,2,7837.45
10568,2025-02-23,264,35,1,
10569,2025-02-08,77,2,7,57173.51
10570,2024-04-08,49,8,5,36315.33
10571,2023-05-22,14,4,7,13164.06
10572,2023-12-11,114,15,4,24046.25
10573,2025-06-11,100,8,5,36460.5
10574,2024-07-19,89,7,8,64495.46
10575,2023-05-09,51,35,4,8731.92
10576,2025-09-28,28,22,5,26623.8
10577,2024-07-19,65,29,6,27062.48
10578,2024-01-18,191,22,6,30873.2
10579,2023-02-08,203,30,8,62674.36
10580,2024-09-18,30,31,7,45966.75
10581,2024-08-25,48,18,5,8906.06
10582,2023-06-15,181,34,5,34114.37
10583,2025-07-16,7,5,7,23926.47
10584,2024-07-05,126,38,7,32921.72
10585,2023-04-03,54,19,8,16360.3
10586,2023-08-02,281,7,8,71046.17
10587,2023-10-28,89,35,7,12744.06
10588,2025-04-01,112,27,2,15341.17
10589,2025-04-17,50,21,4,22770.93
10590,2025-06-18,134,11,1,2709.3
10591,2024-10-27,180,26,2,12640.62
10592,2025-09-23,206,33,2,15426.28
10593,2023-12-09,264,15,6,39181.3
10594,2024-09-30,51,7,3,24252.54
10595,2024-11-19,250,7,7,54708.83
10596,2024-02-07,206,32,6,16071.31
10597,2024-05-12,142,26,8,56622.41
10598,2025-02-11,261,11,1,2813.23
10599,2025-08-02,236,20,2,4602.05
10600,2025-10-06,167,7,7,61894.16
10601,2023-11-17,238,14,1,1556.57
10602,2025-02-24,193,33,3,22684.31
10603,2025-04-09,191,11,6,17814.99
10604,2025-10-23,44,39,4,
10605,2024-11-27,241,28,7,15207.17
10606,2023-08-09,13,3,1,2003.5
10607,2025-03-21,114,13,1,4036.97
10608,2023-07-06,69,13,8,36614.28
10609,2024-02-19,225,24,5,21997.5
10610,2024-06-19,184,40,2,2252.86
10611,2025-03-04,157,11,3,8746.08
10612,2023-07-03,127,8,2,16104.5
10613,2025-02-03,222,31,8,55352.66
10614,2023-06-07,98,25,3,23922.83
10615,2024-02-29,222,15,3,20124.23
10616,2023-05-14,294,28,8,20133.89
10617,2023-01-29,20,20,1,2250.16
10618,2023-12-23,206,36,7,10291.35
10619,2025-11-20,251,38,7,34127.11
10620,2024-09-06,135,13,1,4742.69
10621,2025-02-20,11,29,3,12748.12
10622,2023-09-08,48,21,8,
10623,2023-08-13,129,30,4,34968.79
10624,2025-09-18,137,15,6,41565.43
10625,2025-03-11,178,14,2,3010.86
10626,2024-06-19,99,1,7,59394.77
10627,2023-11-02,248,34,3,22999.23
10628,2025-08-01,4,21,2,10729.71
10629,2024-05-28,18,16,2,17048.89
10630,2023-02-27,45,22,7,36970.22
10631,2025-07-30,202,40,3,3483.45
10632,2024-04-02,53,34,5,36747.71
10633,2024-05-05,104,36,5,6164.63
10634,2024-02-23,221,16,4,33882.11
10635,2023-11-12,13,27,3,23693.76
10636,2024-10-19,248,21,1,4863.99
10637,2023-12-01,100,34,6,42344.73
10638,2024-07-11,43,30,4,34305.13
10639,2023-03-26,193,22,8,40443.52
10640,2025-07-01,138,20,2,4276.5
10641,2023-08-29,25,30,5,44649.23
10642,2024-10-24,184,21,1,4709.81
10643,2023-10-24,255,5,1,3299.08
10644,2023-07-22,65,3,4,7890.62
10645,2023-07-09,13,40,8,8828.9
10646,2025-02-12,156,11,6,17312.48
10647,2023-03-11,72,33,2,16580.97
10648,2025-05-22,217,5,8,26947.85
10649,2024-05-25,99,6,3,17958.14
10650,2024-05-12,92,2,3,28501.61
10651,2023-08-23,20,10,5,42888.97
10652,2024-01-26,42,40,8,8249.69
10653,2025-03-19,278,23,5,43651.83
10654,2025-09-02,209,1,3,23065.64
10655,2025-10-07,290,31,3,20101.15
10656,2024-11-11,15,38,2,9490.23
10657,2023-10-26,272,6,4,28403.05
10658,2023-03-26,190,23,8,66230.09
10659,2024-09-18,60,39,6,11268.99
10660,2024-08-27,180,14,4,5696.64
10661,2024-07-08,250,14,4,
10662,2024-07-29,133,25,2,17222.09
10663,2023-03-24,102,40,3,3329.28
10664,2024-03-06,287,38,5,24316.75
10665,2023-05-17,87,31,4,29931.86
10666,2025-07-25,242,12,1,1876.84
10667,2025-08-26,207,20,4,9303.03
10668,2025-06-20,15,7,5,42173.63
10669,2024-06-03,26,15,3,19727.98
10670,2025-05-28,21,39,5,10769.52
10671,2025-05-31,2,4,5,11023.32
10672,2024-01-17,129,6,3,18651.93
10673,2023-03-14,280,4,5,10353.01
10674,2025-07-12,213,8,3,20995.28
10675,2024-10-13,107,26,4,26177.03
10676,2024-05-06,201,15,5,34535.51
10677,2025-08-05,239,31,6,40970.51
10678,2025-11-07,18,24,1,4518.88
10679,2025-08-07,128,37,7,19274.47
10680,2023-01-14,238,13,7,30616.28
10681,2023-01-07,28,15,6,34551.83
10682,2024-06-19,160,2,2,18173.13
10683,2024-07-25,143,38,3,15318.73
10684,2023-09-14,145,34,6,44232.8
10685,2024-02-09,52,12,8,14967.47
10686,2024-09-11,182,10,8,67517.0
10687,2025-04-12,25,38,1,4512.81
10688,2025-04-08,225,21,6,32819.94
10689,2023-03-22,6,37,7,19997.98
10690,2024-02-24,136,13,6,25334.01
10691,2023-10-18,121,7,4,33430.33
10692,2023-11-13,252,24,6,29294.65
10693,2025-06-08,78,35,4,8374.58
10694,2024-04-14,6,5,2,7403.85
10695,2024-05-29,101,29,7,29318.77
10696,2025-12-07,258,2,2,18986.22
10697,2024-05-11,289,29,6,26730.95
10698,2025-04-03,36,36,4,5555.15
10699,2025-11-26,249,34,8,
10700,2025-12-04,253,25,3,26635.54
10701,2023-12-17,212,22,8,39983.8
10702,2024-03-18,271,6,3,
10703,2023-02-15,74,21,1,4959.07
10704,2025-03-30,31,38,4,17609.83
10705,2024-03-05,225,15,5,32975.07
10706,2023-01-14,221,12,8,13377.5
10707,2023-06-17,210,35,7,12858.66
10708,2023-07-14,40,22,4,22187.45
10709,2023-03-31,159,37,1,2668.58
10710,2023-03-18,177,2,4,37872.3
10711,2024-09-13,72,7,5,39984.74
10712,2023-09-14,136,28,4,9074.58
10713,2025-11-10,63,31,8,56770.84
10714,2024-09-18,198,39,3,6765.25
10715,2024-09-26,126,12,2,3464.86
10716,2024-07-27,291,11,3,8228.79
10717,2024-12-09,83,8,1,7367.71
10718,2025-05-06,169,30,1,8761.34
10719,2023-12-21,266,8,3,24668.84
10720,2024-11-02,7,37,2,5439.81
10721,2024-09-17,140,23,3,23357.92
10722,2025-01-20,102,27,7,52539.63
10723,2025-04-03,204,12,3,5238.24
10724,2025-04-16,20,30,7,60960.78
10725,2024-10-07,270,10,4,34598.17
10726,2023-03-20,36,7,2,17376.82
10727,2025-05-29,187,4,7,13788.8
10728,2025-11-26,174,7,2,16321.35
10729,2024-08-25,49,13,5,
10730,2024-04-26,121,5,1,3253.89
10731,2023-08-05,96,31,5,31472.99
10732,2024-05-17,217,15,6,34494.44
10733,2024-09-30,277,1,1,8922.87
10734,2025-04-28,174,36,4,5435.27
10735,2024-06-21,14,20,1,2336.66
10736,2023-07-18,83,27,6,48292.57
10737,2023-07-01,67,25,8,71397.88
10738,2024-08-08,107,32,6,15572.51
10739,2024-11-08,186,2,3,25906.33
10740,2025-08-24,226,15,6,35221.28
10741,2025-06-13,257,12,8,14230.33
10742,2024-09-26,295,23,5,40349.81
10743,2023-05-28,247,37,3,9513.42
10744,2025-06-23,190,1,2,17665.2
10745,2024-08-19,220,40,6,6120.43
10746,2025-07-12,229,19,8,18153.34
10747,2025-03-14,211,35,6,11926.71
10748,2023-12-13,98,39,8,16816.21
10749,2024-03-17,113,7,1,9019.01
10750,2024-03-27,227,10,1,7973.42
10751,2023-10-23,19,31,1,7120.04
10752,2025-04-22,136,17,8,13443.77
10753,2024-02-12,191,19,4,9879.28
10754,2025-02-02,216,13,6,24713.51
10755,2024-08-16,22,7,2,17047.63
10756,2024-03-23,177,34,1,6524.46
10757,2025-01-21,240,20,3,6805.97
10758,2023-07-11,117,1,7,64137.3
10759,2024-09-04,40,37,2,6100.44
10760,2023-06-10,178,5,7,22692.35
10761,2023-04-28,8,36,3,4455.12
10762,2025-06-27,141,29,6,27365.96
10763,2025-06-14,300,16,4,36167.74
10764,2025-01-08,134,16,3,29078.6
10765,2025-10-08,51,3,3,5656.28
10766,2024-10-26,240,16,3,25208.64
10767,2023-04-21,175,37,3,8642.05
10768,2024-02-25,165,36,5,7107.44
10769,2023-10-01,19,40,4,4175.69
10770,2025-03-01,175,27,6,43747.69
10771,2023-07-10,295,21,6,30426.22
10772,2024-10-23,234,33,4,28484.03
10773,2025-07-18,5,10,1,7680.07
10774,2023-07-20,18,37,5,13503.91
10775,2025-09-23,207,22,8,44194.77
10776,2025-02-09,276,18,8,13553.99
10777,2023-02-18,254,28,4,8842.98
10778,2024-08-07,23,24,8,37375.39
10779,2023-12-30,89,20,8,18393.75
10780,2025-02-04,185,37,3,9326.72
10781,2023-07-30,3,15,1,5932.23
10782,2024-06-22,132,34,5,36384.93
10783,2024-05-29,12,10,1,7952.62
10784,2024-06-29,97,17,7,11741.67
10785,2025-10-06,19,12,1,1791.51
10786,2025-10-28,179,8,2,15386.16
10787,2023-03-18,227,2,8,72542.84
10788,2025-05-11,60,23,5,46565.84
10789,2023-07-07,159,11,4,11897.11
10790,2023-06-21,180,40,2,2068.72
10791,2024-06-17,269,39,7,15261.67
10792,2025-12-04,42,13,4,16277.4
10793,2024-07-27,190,1,6,53118.25
10794,2024-10-03,236,30,1,8425.62
10795,2025-03-27,179,30,1,7899.88
10796,2024-06-06,152,15,6,40111.61
10797,2024-04-24,61,32,3,7142.7
10798,2025-02-01,253,5,7,22713.62
10799,2023-06-04,68,17,3,4807.08
10800,2025-08-21,257,9,3,11621.08
10801,2024-01-23,294,24,4,18302.51
10802,2024-10-06,192,3,1,1785.14
10803,2025-12-11,286,9,7,27516.85
10804,2025-04-14,99,7,5,45373.56
10805,2025-04-02,132,27,1,8587.57
10806,2025-06-11,202,17,8,14025.51
10807,2023-05-08,239,29,8,34767.59
10808,2024-04-27,209,6,6,39672.43
10809,2025-06-03,217,30,4,35236.17
10810,2023-10-14,54,24,4,19217.12
10811,2023-12-07,84,20,3,7356.07
10812,2025-08-19,11,16,5,43500.16
10813,2025-05-05,60,39,6,11953.82
10814,2023-10-02,174,26,7,47074.26
10815,2023-01-14,225,35,3,6342.09
10816,2024-06-12,58,11,7,22171.72
10817,2025-08-12,289,23,6,52215.92
10818,2024-08-21,260,28,6,14010.9
10819,2023-06-27,296,28,4,9762.19
10820,2024-06-12,163,18,8,13835.63
10821,2024-05-14,108,11,4,11770.65
10822,2024-10-23,176,14,4,5820.62
10823,2024-12-25,20,38,2,8611.51
10824,2023-09-25,166,11,4,11388.73
10825,2024-07-10,96,26,2,13261.72
10826,2024-06-21,13,28,3,6592.82
10827,2023-07-01,21,36,7,10359.29
10828,2024-06-30,22,17,6,10469.64
10829,2023-06-02,297,12,5,8852.57
10830,2023-08-03,86,3,8,16290.49
10831,2023-11-08,93,40,4,3928.85
10832,2025-11-29,126,18,4,6815.32
10833,2023-02-27,255,5,7,26961.72
10834,2025-07-28,15,3,2,4055.14
10835,2023-08-26,74,22,8,46695.2
10836,2025-11-03,186,19,1,2121.91
10837,2023-05-23,288,5,2,7249.07
10838,2024-10-30,191,36,5,6189.51
10839,2024-05-23,147,8,8,55250.62
10840,2023-09-05,270,16,6,57278.84
10841,2024-01-26,251,31,1,6268.25
10842,2024-03-21,287,18,7,11307.72
10843,2024-10-04,180,3,5,8539.14
10844,2025-03-14,85,27,4,32557.84
10845,2023-11-04,230,16,3,27385.85
10846,2024-02-22,177,30,2,15652.97
10847,2023-02-07,22,8,3,22293.19
10848,2023-10-11,265,25,1,9157.52
10849,2023-12-29,27,35,4,7536.85
10850,2025-06-02,213,10,3,22879.15
10851,2025-04-06,108,4,5,10360.41
10852,2025-04-25,56,20,6,12435.95
10853,2023-10-08,264,14,4,6278.04
10854,2023-08-24,190,25,4,31949.62
10855,2024-03-18,273,35,6,10878.2
10856,2024-04-13,97,38,6,28976.23
10857,2025-04-06,214,28,8,19847.44
10858,2025-08-05,241,38,5,22535.13
10859,2024-03-21,180,29,2,8431.46
10860,2023-08-24,86,38,5,25635.73
10861,2025-08-29,15,40,2,2023.16
10862,2024-08-10,149,8,4,28732.22
10863,2025-10-02,279,1,5,40829.5
10864,2024-03-02,97,1,2,15909.22
10865,2023-12-07,198,27,4,29648.61
10866,2023-03-07,208,15,1,6904.25
10867,2025-03-16,185,30,3,22812.87
10868,2024-06-26,116,35,8,17070.46
10869,2023-10-05,253,30,5,41778.23
10870,2024-05-04,113,17,5,7614.73
10871,2023-06-02,71,29,6,25255.08
10872,2025-11-29,269,28,8,19484.76
10873,2024-04-24,186,3,8,15010.23
10874,2023-11-25,29,2,1,8480.61
10875,2024-10-21,205,4,8,15431.88
10876,2025-05-20,84,22,3,17955.59
10877,2025-10-21,227,31,7,51038.17
10878,2025-01-16,276,34,1,7336.15
10879,2023-06-09,29,25,3,27334.12
10880,2024-04-02,10,38,3,13289.34
10881,2025-02-19,219,11,8,22425.17
10882,2025-06-20,117,10,3,26738.09
10883,2024-06-04,271,1,6,49745.01
10884,2025-07-21,209,6,4,26288.38
10885,2023-05-25,189,22,2,11709.93
10886,2024-01-12,251,31,6,45937.56
10887,2025-12-01,51,4,8,17352.31
10888,2023-08-04,115,34,7,52439.25
10889,2025-01-31,276,30,2,16418.37
10890,2023-08-20,178,6,7,48417.89
10891,2023-05-22,31,14,6,8800.86
10892,2023-06-24,23,26,4,26442.66
10893,2025-09-18,70,33,6,43665.2
10894,2025-12-09,91,33,5,40080.83
10895,2023-04-23,257,4,8,17546.65
10896,2025-02-14,91,3,3,5846.34
10897,2023-04-12,177,20,6,12864.26
10898,2025-06-16,262,10,2,17231.52
10899,2023-12-30,101,4,8,15622.72
10900,2023-02-21,98,19,3,7232.27
10901,2025-10-24,242,32,1,2572.43
10902,2025-10-04,115,22,7,36665.41
10903,2023-02-06,195,23,1,8234.16
10904,2024-03-02,201,25,2,15404.99
10905,2025-10-02,36,10,2,16232.71
10906,2024-01-19,96,27,3,22674.21
10907,2024-10-31,70,39,5,10208.77
10908,2025-08-10,123,4,5,10382.09
10909,2023-03-15,244,28,4,10257.64
10910,2024-06-22,10,17,8,14284.8
10911,2024-09-14,244,14,1,1574.85
10912,2025-10-08,220,6,2,12917.87
10913,2024-05-17,23,35,2,
10914,2025-07-05,53,18,2,3578.04
10915,2024-09-09,157,16,5,40618.77
10916,2024-04-18,264,39,6,11250.87
10917,2025-03-18,214,38,4,19256.67
10918,2025-07-16,56,4,5,9389.19
10919,2025-01-13,98,12,7,13560.63
10920,2024-11-08,167,12,7,13107.39
10921,2025-12-27,19,40,4,4284.86
10922,2024-10-21,175,2,6,58332.83
10923,2023-06-21,126,3,8,13739.83
10924,2025-10-03,125,34,4,27343.82
10925,2025-06-09,281,30,7,58176.45
10926,2024-02-10,82,17,6,11011.56
10927,2024-03-26,220,12,4,6633.68
10928,2024-12-29,47,1,4,34248.24
10929,2025-05-07,65,17,3,5459.62
10930,2025-02-09,212,23,7,55884.66
10931,2025-09-03,254,26,2,14473.59
10932,2023-03-19,233,14,3,4833.56
10933,2025-12-22,201,2,3,26076.64
10934,2024-06-17,260,11,2,5845.32
10935,2023-10-19,88,9,3,12620.75
10936,2023-08-25,7,39,6,12274.87
10937,2024-05-10,81,5,3,10637.34
10938,2023-11-27,150,33,2,15668.73
10939,2025-10-29,54,30,2,15042.56
10940,2024-06-28,135,19,4,9616.63
10941,2025-11-01,122,9,4,14090.75
10942,2025-01-06,48,4,4,
10943,2024-02-13,109,20,1,2460.68
10944,2024-03-14,19,32,4,10977.39
10945,2025-10-26,86,14,7,11723.15
10946,2024-12-21,93,32,4,10558.49
10947,2024-03-20,263,10,5,40118.01
10948,2025-03-30,57,12,6,11091.55
10949,2024-02-15,229,38,1,4848.42
10950,2023-08-27,207,24,5,20697.08
10951,2025-04-08,148,21,3,16412.93
10952,2023-04-04,47,23,4,33027.07
10953,2024-05-30,289,27,3,23485.79
10954,2024-03-26,159,23,1,8192.78
10955,2024-05-05,203,29,2,8655.79
10956,2023-08-22,264,10,5,44883.28
10957,2024-02-27,286,33,4,32611.96
10958,2023-05-16,113,1,1,7656.98
10959,2024-04-18,248,11,2,6118.7
10960,2025-03-17,188,13,6,28416.05
10961,2023-06-03,191,4,2,4190.2
10962,2023-06-15,147,33,7,56227.37
10963,2023-03-08,209,19,6,12943.04
10964,2025-06-30,86,29,6,28230.53
10965,2025-04-05,233,7,4,32314.97
10966,2023-02-17,131,40,2,2312.3
10967,2024-09-10,228,1,6,52404.9
10968,2024-05-28,135,26,4,26825.86
10969,2025-01-05,263,37,4,12584.79
10970,2024-02-14,288,35,6,12657.83
10971,2025-05-28,102,26,5,32686.51
10972,2024-07-09,130,40,1,1005.19
10973,2023-09-09,110,17,3,4546.37
10974,2024-07-04,230,15,6,40245.84
10975,2023-09-13,75,6,4,24371.65
10976,2024-07-04,14,28,2,4511.8
10977,2023-11-01,277,31,4,29160.31
10978,2024-04-19,193,3,3,5345.86
10979,2023-11-29,272,22,3,15833.49
10980,2024-07-26,279,25,2,15340.9
10981,2025-04-12,133,7,7,52741.46
10982,2025-01-23,118,21,5,26302.37
10983,2024-02-14,121,40,2,1977.88
10984,2024-06-30,169,32,7,19735.2
10985,2023-12-20,40,39,2,3727.53
10986,2023-12-07,61,22,3,15932.79
10987,2024-11-27,293,38,3,13155.19
10988,2025-05-07,269,39,8,17787.01
10989,2023-07-24,202,34,7,52236.53
10990,2023-10-07,241,18,6,9722.75
10991,2023-04-27,290,22,7,35167.52
10992,2025-12-22,6,19,7,14526.55
10993,2025-02-02,190,13,5,22870.74
10994,2023-06-23,242,23,8,72152.13
10995,2025-04-08,155,27,3,24048.91
10996,2023-12-02,184,34,4,28362.12
10997,2023-11-21,225,7,6,49306.58
10998,2024-06-18,236,21,8,42280.8
10999,2024-11-27,267,25,7,54189.55
11000,2024-12-22,27,25,8,71149.83
11001,2023-02-07,254,3,2,3913.84
11002,2025-03-22,85,30,4,34392.25
11003,2024-03-18,104,1,6,47683.45
11004,2025-09-29,185,26,8,52450.08
11005,2024-09-24,153,29,6,29757.59
11006,2025-10-22,187,13,8,38052.98
11007,2023-10-05,284,14,4,6515.99
11008,2024-12-27,244,12,5,9571.59
11009,2024-01-17,152,28,2,4684.42
11010,2025-07-29,231,9,3,12485.52
11011,2024-10-29,241,32,5,13391.42
11012,2025-04-03,242,12,2,
11013,2024-10-07,158,34,2,14727.69
11014,2025-04-16,122,39,1,1885.9
11015,2023-06-18,250,25,3,24665.72
11016,2023-09-08,69,1,3,26903.85
11017,2025-02-12,21,34,5,35386.65
11018,2023-07-21,15,31,5,35196.77
11019,2023-03-29,1,27,8,63230.16
11020,2024-09-03,172,37,5,15904.5
11021,2025-11-27,28,38,2,8801.87
11022,2023-12-06,278,18,4,7283.05
11023,2023-08-10,131,36,1,1340.23
11024,2025-03-05,8,21,5,24558.01
11025,2023-10-05,111,2,5,40672.19
11026,2025-04-29,246,21,7,37103.2
11027,2023-08-08,288,11,8,21746.95
11028,2023-07-26,202,30,8,67479.08
11029,2025-12-21,300,16,1,8775.27
11030,2024-10-17,93,30,1,8141.27
11031,2023-11-10,41,11,6,18763.12
11032,2024-05-08,255,34,8,52186.0
11033,2024-10-24,251,8,1,7659.65
11034,2023-02-20,163,9,7,26626.67
11035,2025-12-20,153,35,5,9302.78
11036,2024-06-08,182,30,5,40620.87
11037,2025-11-06,253,2,1,9597.98
11038,2025-05-15,165,18,4,6603.6
11039,2023-02-16,111,8,6,47033.37
11040,2025-05-26,73,36,6,7747.73
11041,2024-07-24,232,31,3,20963.55
11042,2025-08-23,292,31,6,42192.01
11043,2024-10-20,2,9,6,21230.1
11044,2023-11-02,79,29,6,28822.76
11045,2025-02-08,141,11,3,8494.51
11046,2023-11-10,62,25,8,63291.8
11047,2024-01-03,100,39,1,1938.65
11048,2024-10-06,214,32,1,2830.35
11049,2023-12-26,76,31,2,15155.71
11050,2025-10-20,211,7,1,8227.97
11051,2023-01-05,91,18,3,5029.31
11052,2024-02-26,170,23,5,44758.57
11053,2023-02-08,126,6,2,12097.82
11054,2025-02-26,297,26,3,22356.59
11055,2024-08-25,149,11,2,5230.2
11056,2023-06-12,262,40,7,6789.54
11057,2023-03-25,158,40,5,5153.25
11058,2025-03-27,113,21,5,25702.54
11059,2023-08-10,221,32,4,9298.82
11060,2025-07-11,130,39,5,9853.59
11061,2023-12-31,249,3,7,14233.67
11062,2024-08-24,262,8,8,63851.16
11063,2023-03-19,289,29,4,16501.99
11064,2024-07-10,219,8,4,32548.52
11065,2023-02-03,201,16,5,44195.21
11066,2023-09-02,150,36,5,
11067,2025-10-11,78,29,6,26178.21
11068,2025-12-06,206,19,2,4355.51
11069,2024-04-21,174,12,7,13131.17
11070,2025-09-21,204,17,1,1675.0
11071,2023-08-13,132,6,5,31729.73
11072,2024-10-04,69,34,8,57127.75
11073,2025-02-14,71,1,1,8621.13
11074,2025-09-01,224,6,8,51150.8
11075,2023-01-11,100,12,4,7713.81
11076,2024-10-13,247,16,7,65399.7
11077,2023-09-26,69,35,1,2101.25
11078,2024-02-28,131,30,7,59947.33
11079,2025-11-18,162,36,5,6404.6
11080,2024-12-16,221,28,6,14755.71
11081,2025-09-09,20,28,1,2208.31
11082,2023-07-28,154,9,4,14371.4
11083,2024-11-27,163,30,5,41521.29
11084,2025-10-11,70,18,2,3283.75
11085,2023-04-13,124,8,2,14006.35
11086,2025-08-14,253,34,6,43422.05
11087,2023-12-15,2,15,7,48784.44
11088,2024-04-06,299,39,2,3751.95
11089,2023-01-31,83,36,1,1338.9
11090,2025-07-06,133,33,3,21303.72
11091,2023-08-29,292,40,6,6445.57
11092,2025-12-21,108,12,4,7352.13
11093,2023-01-28,174,18,6,10522.08
11094,2023-04-30,75,8,8,54955.65
11095,2023-05-19,20,32,3,8050.85
11096,2025-01-13,31,16,6,53484.2
11097,2024-11-24,174,38,5,23748.06
11098,2023-08-13,21,7,7,59902.0
11099,2023-04-20,212,40,3,3457.7
11100,2023-10-14,112,8,1,7467.97
11101,2023-06-20,41,12,3,5881.74
11102,2025-02-23,294,39,1,1925.49
11103,2025-09-15,121,27,3,23210.35
11104,2024-04-14,237,19,7,14823.88
11105,2024-01-03,65,16,1,8672.79
11106,2024-07-27,288,12,2,3914.28
11107,2023-12-31,163,19,6,14874.78
11108,2023-07-18,261,9,2,7697.33
11109,2023-04-05,247,19,1,2162.83
11110,2024-12-14,265,23,5,41446.39
11111,2025-05-21,72,12,2,3912.96
11112,2024-07-23,97,15,6,37714.54
11113,2025-01-10,42,1,1,7884.98
11114,2023-05-08,287,36,1,1444.72
11115,2024-08-22,42,31,7,48824.45
11116,2025-01-05,87,40,5,5252.4
11117,2024-11-07,185,28,5,12762.67
11118,2023-01-28,168,40,5,5592.39
11119,2023-04-20,21,34,4,25662.49
11120,2025-12-15,158,8,5,41365.18
11121,2023-10-13,158,7,5,41019.32
11122,2023-09-11,112,27,1,7309.09
11123,2024-10-01,244,10,7,63230.2
11124,2025-03-13,40,30,6,48986.99
11125,2025-11-08,230,24,5,23118.22
11126,2025-03-25,159,40,8,8955.76
11127,2025-06-13,202,38,5,21975.48
11128,2025-10-01,214,34,8,62345.44
11129,2024-12-02,4,19,3,6877.38
11130,2024-10-24,166,28,1,2152.72
11131,2024-07-22,130,9,5,19492.14
11132,2023-08-13,199,37,7,18483.86
11133,2023-01-17,74,24,8,39091.16
11134,2023-05-15,127,25,6,52067.54
11135,2025-09-02,155,39,5,10046.61
11136,2023-12-02,55,19,8,19195.71
11137,2023-03-15,46,35,4,8470.5
11138,2023-06-03,257,30,7,60414.93
11139,2023-05-22,41,36,8,10258.32
11140,2024-02-15,40,6,7,42717.4
11141,2025-01-28,286,17,1,1798.59
11142,2025-06-01,256,25,3,27154.16
11143,2025-06-08,265,11,1,2812.34
11144,2025-11-15,14,15,4,24878.32
11145,2025-05-11,30,35,7,13728.91
11146,2023-10-17,38,36,8,10348.31
11147,2024-05-10,249,32,8,22449.44
11148,2024-12-10,125,10,1,8400.72
11149,2023-07-13,20,35,1,2083.77
11150,2025-01-22,256,4,5,10276.85
11151,2023-02-08,102,16,1,8169.48
11152,2023-09-04,30,4,7,12885.35
11153,2025-07-21,299,12,1,1683.36
11154,2023-12-16,281,32,5,12891.99
11155,2025-12-06,283,10,5,42807.16
11156,2025-07-08,231,20,4,9888.02
11157,2023-09-25,141,35,2,4320.55
11158,2025-10-05,205,11,7,21285.12
11159,2025-08-06,211,37,5,14269.39
11160,2025-12-12,120,24,6,25922.68
11161,2024-03-16,115,15,6,39689.85
11162,2025-09-20,80,26,5,33692.3
11163,2023-12-07,255,35,1,2106.23
11164,2024-01-25,211,14,4,6491.74
11165,2024-07-07,95,16,7,57564.51
11166,2024-01-31,13,4,2,4270.7
11167,2023-01-09,62,18,3,4842.34
11168,2025-02-25,200,14,8,
11169,2024-04-29,44,23,5,47052.77
11170,2025-06-14,184,25,5,43265.42
11171,2023-08-07,190,9,3,12437.69
11172,2023-09-06,264,14,3,5053.4
11173,2025-02-19,168,11,3,8296.24
11174,2025-02-03,119,4,8,17056.34
11175,2024-07-04,271,11,4,11311.56
11176,2024-10-21,190,28,5,10782.12
11177,2025-08-09,45,11,1,2673.79
11178,2025-08-20,187,17,7,10874.45
11179,2025-09-08,242,21,4,
11180,2025-12-22,154,1,7,60401.03
11181,2023-12-13,284,5,3,11476.8
11182,2025-05-22,243,2,6,51453.15
11183,2023-11-04,225,32,3,
11184,2025-08-08,253,12,3,5179.57
11185,2025-10-25,35,7,2,15940.88
11186,2024-04-26,163,7,6,51222.04
11187,2024-07-05,47,18,3,5157.69
11188,2023-05-09,285,5,1,3933.29
11189,2023-04-16,27,26,6,40187.37
11190,2023-08-05,165,29,6,25724.25
11191,2023-02-20,101,6,8,57174.33
11192,2024-03-13,42,40,8,9164.36
11193,2025-12-20,228,17,2,3131.62
11194,2025-02-13,238,34,1,6875.15
11195,2024-09-26,44,23,7,60279.82
11196,2025-03-09,6,35,8,14612.07
11197,2023-03-01,135,23,5,41859.7
11198,2024-12-19,21,13,5,23004.53
11199,2024-07-13,14,36,1,1426.68
11200,2023-05-06,130,36,5,6294.44
11201,2024-07-05,204,32,1,2478.6
11202,2024-12-28,72,27,7,52130.99
11203,2024-04-21,30,5,8,29672.67
11204,2025-10-06,271,31,1,6448.51
11205,2025-11-07,238,34,2,15593.29
11206,2024-01-31,131,26,8,51352.18
11207,2025-11-04,184,22,1,5545.69
11208,2023-09-24,102,27,7,56886.0
11209,2023-05-17,58,28,6,15442.54
11210,2024-12-11,59,5,6,21951.95
11211,2023-06-16,210,7,6,53205.56
11212,2023-12-17,290,12,3,5466.63
11213,2024-03-22,105,19,8,17101.06
11214,2025-01-22,73,16,4,35037.31
11215,2025-07-02,158,28,5,12062.68
11216,2025-09-04,30,25,6,50706.22
11217,2024-11-14,167,32,3,8177.4
11218,2025-11-21,201,9,1,3900.6
11219,2025-03-10,82,33,3,22663.75
11220,2025-08-14,87,9,6,23290.53
11221,2024-09-22,126,9,2,7770.33
11222,2023-05-10,218,37,7,18449.42
11223,2023-08-19,236,34,6,41171.27
11224,2024-03-28,208,5,6,21775.09
11225,2025-06-14,260,23,8,71673.5
11226,2024-03-29,134,39,2,4058.32
11227,2023-01-16,255,27,1,8193.54
11228,2024-04-18,76,23,3,25799.27
11229,2025-02-03,171,35,4,7791.25
11230,2025-12-20,114,24,1,4229.28
11231,2023-08-01,262,17,3,5336.82
11232,2023-12-06,141,37,8,25349.02
11233,2024-05-30,43,37,1,3056.03
11234,2024-06-18,226,37,8,22069.29
11235,2025-12-03,296,36,5,7048.83
11236,2024-03-12,223,11,8,23239.54
11237,2024-08-13,14,33,8,67136.84
11238,2023-10-03,117,13,5,
11239,2023-03-04,270,16,3,28157.75
11240,2024-03-05,8,24,7,31003.03
11241,2024-04-14,238,22,6,35437.52
11242,2023-07-09,91,36,5,6913.29
11243,2024-12-23,118,7,8,59709.51
11244,2023-12-28,206,24,8,37039.92
11245,2023-03-04,238,31,3,21021.8
11246,2024-08-09,189,18,2,3330.75
11247,2023-10-04,288,36,8,10012.89
11248,2025-03-07,61,31,1,6819.38
11249,2023-01-21,50,7,6,50279.05
11250,2025-04-21,116,7,6,49458.65
11251,2024-08-14,195,30,6,44978.89
11252,2025-03-10,150,16,4,33093.05
11253,2024-02-22,2,28,2,4894.82
11254,2025-08-23,139,31,5,35123.39
11255,2024-07-05,200,2,3,28128.81
11256,2025-12-28,179,29,7,31133.63
11257,2023-11-20,19,37,1,2779.93
11258,2025-07-26,261,34,3,22589.24
11259,2024-12-20,201,20,8,16977.81
11260,2025-10-10,125,20,6,12308.07
11261,2023-07-09,9,11,7,19780.08
11262,2024-07-16,212,20,2,4454.17
11263,2025-09-19,122,2,1,8421.79
11264,2023-09-25,240,8,4,33026.0
11265,2025-11-17,261,32,5,12207.11
11266,2025-11-25,209,13,7,28244.83
11267,2024-06-23,92,14,2,3204.29
11268,2025-03-08,34,28,5,10967.08
11269,2024-05-24,291,21,7,34704.06
11270,2024-12-20,23,18,4,6906.79
11271,2025-07-30,142,8,5,36124.41
11272,2025-03-22,91,14,8,12797.87
11273,2023-11-14,55,25,8,62354.75
11274,2024-09-26,141,25,8,69129.43
11275,2025-05-29,281,16,6,49297.03
11276,2024-09-28,99,28,5,11999.18
11277,2023-11-11,47,33,1,8475.66
11278,2025-04-03,108,4,3,6385.55
11279,2025-02-27,179,27,3,25518.25
11280,2024-11-26,74,29,7,31966.64
11281,2024-01-01,283,29,5,21079.84
11282,2024-09-08,69,12,2,3527.99
11283,2024-10-21,283,11,8,24499.11
11284,2023-08-23,118,18,1,1627.67
11285,2025-10-10,167,3,3,5744.57
11286,2024-10-12,93,13,5,21050.02
11287,2023-03-01,64,36,2,2934.16
11288,2023-10-23,89,34,1,6893.5
11289,2025-06-02,151,38,3,13544.51
11290,2025-01-29,194,2,2,17069.3
11291,2024-08-16,88,26,2,14016.91
11292,2024-06-25,33,3,3,6065.51
11293,2024-02-20,95,37,2,5891.2
11294,2025-10-28,269,21,4,21745.53
11295,2024-01-19,96,29,3,13630.71
11296,2025-06-29,252,10,4,30605.68
11297,2023-03-18,61,25,2,17089.07
11298,2024-08-07,58,34,6,43440.39
11299,2023-10-10,12,17,5,8556.58
11300,2024-04-07,161,32,5,12380.12
11301,2024-11-13,226,15,8,48537.9
11302,2023-03-15,150,10,6,48377.37
11303,2023-04-17,4,20,8,16303.92
11304,2024-09-26,278,28,1,2201.92
11305,2025-01-03,172,9,2,7410.27
11306,2023-03-09,239,21,7,36391.06
11307,2025-11-19,111,18,5,9508.1
11308,2024-04-24,58,35,8,16642.84
11309,2025-12-09,196,21,6,31215.62
11310,2023-05-30,295,1,7,61282.56
11311,2025-08-31,175,2,2,17685.31
11312,2024-12-06,132,21,1,4716.45
11313,2025-06-02,144,16,5,46159.51
11314,2025-06-03,53,3,5,9650.73
11315,2023-07-14,234,12,2,3734.5
11316,2023-07-04,184,14,8,13291.23
11317,2025-11-28,172,26,3,22034.18
11318,2024-04-18,7,9,4,16498.46
11319,2023-08-10,270,33,3,21098.02
11320,2024-11-21,150,28,5,12990.66
11321,2025-08-09,176,25,7,59831.27
11322,2023-10-27,207,29,4,18436.13
11323,2025-08-19,263,27,2,15971.61
11324,2023-03-12,286,4,6,11522.59
11325,2024-11-11,260,25,5,40340.22
11326,2024-02-16,157,9,2,8323.41
11327,2024-07-24,213,11,5,14801.14
11328,2024-10-25,212,32,2,5635.19
11329,2023-08-08,99,16,3,25142.8
11330,2023-02-24,298,32,2,5248.19
11331,2024-07-22,146,34,8,57984.97
11332,2025-11-09,268,10,6,45449.94
11333,2023-11-15,24,38,3,14397.03
11334,2024-09-04,78,18,5,8581.78
11335,2023-05-18,218,8,3,22383.1
11336,2024-01-12,219,12,8,13576.92
11337,2023-05-21,194,1,6,51297.99
11338,2023-05-04,81,7,1,8566.08
11339,2025-05-27,246,39,4,8881.73
11340,2025-09-16,31,6,4,28388.49
11341,2025-10-07,26,35,6,13152.46
11342,2025-03-09,255,27,8,68417.03
11343,2023-06-05,39,25,2,17471.84
11344,2025-10-10,274,36,2,2589.25
11345,2023-01-15,194,33,2,15594.24
11346,2023-10-23,49,21,8,
11347,2023-10-16,220,24,6,27108.45
11348,2025-03-25,154,40,4,4098.21
11349,2023-05-28,23,37,4,11773.24
11350,2025-11-26,108,14,5,8148.12
11351,2023-07-26,10,10,7,53301.02
11352,2025-08-01,28,2,1,9614.54
11353,2024-09-30,98,18,2,3189.24
11354,2023-10-01,61,25,6,50292.39
11355,2024-04-07,102,27,2,
11356,2023-05-06,109,40,8,7741.76
11357,2024-04-15,16,9,7,26980.09
11358,2025-01-28,249,20,7,14993.58
11359,2023-08-14,30,29,3,12434.72
11360,2025-11-19,167,4,1,2143.61
11361,2024-12-28,62,11,1,2754.31
11362,2024-02-07,160,30,5,45126.31
11363,2023-11-14,5,29,2,9246.67
11364,2025-04-29,204,9,7,26305.38
11365,2024-03-13,45,33,7,49386.49
11366,2025-10-28,278,35,2,4284.37
11367,2024-05-22,8,17,3,4642.9
11368,2025-02-05,233,14,8,13102.01
11369,2025-09-17,111,40,5,5360.45
11370,2025-11-06,45,11,1,2876.22
11371,2023-09-27,225,26,7,
11372,2024-04-19,271,15,7,43837.64
11373,2025-02-25,199,31,5,31439.18
11374,2024-03-25,273,25,2,17682.11
11375,2023-12-05,182,1,7,61170.73
11376,2024-11-09,277,3,4,6876.08
11377,2025-09-06,141,5,8,28670.78
11378,2024-05-24,192,40,7,6981.51
11379,2024-03-07,57,29,3,14150.7
11380,2025-04-14,190,14,8,11643.76
11381,2024-07-07,15,38,8,34997.22
11382,2023-12-06,83,13,2,8353.48
11383,2025-08-18,56,26,5,38043.87
11384,2024-10-29,28,20,6,14353.48
11385,2025-01-06,285,37,2,5730.91
11386,2025-06-09,63,20,7,16670.12
11387,2023-04-14,245,3,2,3605.25
11388,2025-07-20,225,16,6,50063.6
11389,2023-05-30,171,36,3,4384.59
11390,2023-01-13,299,16,8,64601.83
11391,2025-12-20,184,36,2,2866.76
11392,2023-11-01,284,2,3,
11393,2023-02-01,224,26,7,44623.36
11394,2025-02-07,4,6,4,28481.27
11395,2023-11-26,247,18,5,9277.12
11396,2024-04-02,174,22,3,15027.98
11397,2025-11-15,73,29,1,4474.47
11398,2024-09-16,13,30,1,7899.92
11399,2023-01-17,241,10,8,65237.89
11400,2025-01-12,203,28,7,16143.15
11401,2023-06-26,195,27,5,38221.36
11402,2023-12-19,143,1,6,45409.69
11403,2023-08-22,84,28,4,9015.77
11404,2025-09-28,155,38,5,22422.15
11405,2023-04-05,87,22,2,11357.46
11406,2024-08-15,196,8,1,7863.53
11407,2024-05-31,52,11,4,12189.43
11408,2024-08-27,232,31,8,57213.82
11409,2024-10-10,165,1,8,72419.28
11410,2023-04-23,60,7,5,41860.14
11411,2023-12-15,291,8,5,36422.82
11412,2024-09-12,158,10,7,53061.98
11413,2023-04-29,237,34,4,29713.57
11414,2025-06-05,260,5,4,14486.38
11415,2025-06-06,50,9,5,18047.23
11416,2024-08-01,171,36,5,6785.51
11417,2025-05-30,36,3,5,10093.78
11418,2024-04-14,175,12,1,1849.21
11419,2024-09-07,85,10,5,40146.23
11420,2024-05-25,258,32,4,10953.04
11421,2023-05-31,50,21,2,10153.71
11422,2023-07-12,154,7,7,52331.4
11423,2024-08-16,43,24,2,8168.42
11424,2023-03-27,274,37,2,6383.43
11425,2024-11-20,220,36,1,1243.97
11426,2023-12-19,152,38,6,29677.82
11427,2024-04-13,95,35,7,12685.94
11428,2025-09-09,74,35,4,7878.05
11429,2025-08-03,170,39,1,1969.24
11430,2024-05-28,32,25,4,32548.13
11431,2024-03-03,95,36,3,3729.64
11432,2025-06-09,19,13,2,8558.89
11433,2024-07-13,296,19,5,11907.01
11434,2025-03-17,211,14,6,9358.16
11435,2023-05-05,178,6,4,24617.14
11436,2025-02-18,210,3,3,5901.85
11437,2024-09-09,42,39,8,17695.25
11438,2023-08-20,230,28,5,11706.58
11439,2025-04-19,234,10,2,16225.79
11440,2024-08-10,220,14,7,9816.25
11441,2025-03-11,87,25,1,7677.62
11442,2025-06-26,107,6,7,45341.45
11443,2023-10-09,137,11,2,5355.15
11444,2025-06-06,282,4,5,11010.0
11445,2025-12-22,87,33,4,31831.92
11446,2024-07-20,245,16,8,68534.87
11447,2025-02-27,147,9,3,11807.3
11448,2025-04-24,240,8,1,7064.87
11449,2024-04-09,93,17,4,7276.54
11450,2025-05-31,111,28,3,7087.11
11451,2024-03-30,97,9,6,24146.99
11452,2025-08-27,91,9,1,3623.9
11453,2025-05-03,48,35,3,5968.51
11454,2024-08-12,85,1,8,69998.86
11455,2023-07-12,289,25,6,49259.63
11456,2025-06-25,23,1,1,7661.08
11457,2024-12-01,63,26,1,6910.12
11458,2024-09-17,81,11,5,15450.27
11459,2025-02-26,85,13,5,21659.56
11460,2025-12-24,257,21,2,
11461,2024-07-19,124,8,8,61257.6
11462,2024-02-27,256,30,1,8933.15
11463,2025-08-14,36,35,8,14504.18
11464,2024-12-11,207,18,1,1803.16
11465,2024-05-28,69,31,5,34877.06
11466,2023-07-19,265,31,8,54104.78
11467,2024-05-24,123,30,8,71722.65
11468,2025-10-22,201,31,8,51143.78
11469,2023-11-08,176,40,2,2126.05
11470,2025-11-16,104,10,6,48149.43
11471,2025-10-03,161,23,3,28154.07
11472,2025-07-15,220,39,3,6524.97
11473,2023-12-13,111,8,4,28456.27
11474,2025-05-19,198,14,4,5745.8
11475,2025-01-31,203,25,5,37995.11
11476,2025-09-10,243,4,1,1884.0
11477,2024-03-24,224,12,7,13764.67
11478,2024-11-08,137,13,3,14071.47
11479,2025-10-21,80,21,4,21988.36
11480,2025-09-27,131,23,7,58958.63
11481,2025-11-04,72,19,1,2255.77
11482,2023-04-22,48,33,5,39256.82
11483,2023-02-02,188,23,6,54763.18
11484,2023-04-14,246,30,7,52326.85
11485,2025-12-25,124,37,2,5471.49
11486,2024-03-31,262,23,2,17467.81
11487,2024-10-24,250,33,8,57441.23
11488,2024-04-01,14,19,5,12311.94
11489,2023-03-22,3,17,2,3052.17
11490,2025-09-24,278,2,7,68523.39
11491,2024-06-28,163,33,3,21880.24
11492,2023-11-30,138,4,3,5669.23
11493,2023-02-24,105,35,2,3939.56
11494,2023-05-08,63,7,6,51043.53
11495,2024-08-24,64,31,3,22885.99
11496,2025-04-21,186,40,6,6365.68
11497,2023-07-23,261,23,5,46391.29
11498,2024-08-03,94,31,6,45027.82
11499,2024-02-07,66,36,3,4455.58
11500,2024-12-16,107,34,4,27627.5
11501,2023-11-30,237,20,1,2237.54
11502,2025-08-26,230,37,3,7927.3
11503,2024-10-21,257,5,5,17469.38
11504,2023-07-12,151,4,8,15632.53
11505,2025-06-19,291,11,6,16104.02
11506,2024-12-06,178,40,2,2273.76
11507,2025-10-22,35,27,1,7464.13
11508,2025-10-07,175,8,8,56065.53
11509,2023-12-27,47,16,4,32862.12
11510,2025-01-28,274,1,3,22778.81
11511,2024-09-15,26,17,1,1764.7
11512,2024-04-20,204,25,1,8452.72
11513,2023-01-07,97,17,1,1686.93
11514,2025-06-10,59,21,4,20386.16
11515,2024-02-12,273,8,3,24806.79
11516,2023-03-17,158,3,4,7235.07
11517,2025-11-17,194,4,3,6008.64
11518,2024-03-14,239,28,4,9807.04
11519,2023-05-11,47,2,8,77674.93
11520,2024-04-23,292,8,7,56767.24
11521,2025-08-10,32,27,1,8404.92
11522,2025-03-31,28,32,1,
11523,2024-12-15,225,13,6,28518.66
11524,2023-11-22,27,20,4,9578.68
11525,2023-11-18,187,19,6,13121.55
11526,2023-10-15,226,31,1,7386.18
11527,2025-05-02,1,38,4,20419.83
11528,2025-05-31,56,34,7,52162.66
11529,2023-11-13,177,26,5,36424.55
11530,2023-11-26,143,30,7,62018.74
11531,2025-09-06,57,33,2,16641.91
11532,2025-12-03,196,35,1,2112.47
11533,2023-04-01,89,31,3,19119.32
11534,2023-10-08,162,29,6,25567.95
11535,2023-05-11,31,39,1,1902.85
11536,2024-01-28,168,15,2,12641.38
11537,2025-04-01,298,3,8,13543.52
11538,2024-10-04,43,20,5,11358.82
11539,2024-05-06,138,16,1,9655.24
11540,2023-08-16,50,2,5,49015.87
11541,2023-06-11,186,38,2,8495.99
11542,2025-04-12,116,40,8,8839.37
11543,2024-07-16,62,19,6,12614.14
11544,2023-01-23,77,30,7,62292.87
11545,2023-11-22,113,38,4,16968.32
11546,2025-01-13,27,20,1,2070.52
11547,2024-08-24,195,8,5,36500.3
11548,2025-03-09,86,5,5,16115.39
11549,2025-03-25,225,3,3,5742.37
11550,2023-05-02,299,3,2,3489.72
11551,2025-07-27,273,36,2,2827.11
11552,2024-10-16,142,29,8,39454.48
11553,2023-03-06,75,17,7,11683.4
11554,2025-11-13,117,39,2,4093.41
11555,2024-10-10,72,21,1,5700.91
11556,2023-09-18,242,16,7,59978.93
11557,2025-12-13,121,38,3,15126.72
11558,2023-02-06,260,29,3,14153.69
11559,2024-05-18,93,9,7,24430.1
11560,2023-02-13,57,28,2,4532.8
11561,2025-04-22,246,39,3,6450.01
11562,2025-04-28,39,16,2,16180.63
11563,2023-04-17,112,16,8,76290.5
11564,2023-11-16,228,22,7,41780.61
11565,2025-08-14,113,10,2,17562.41
11566,2023-10-14,244,38,4,19888.97
11567,2024-09-29,151,10,5,42553.31
11568,2024-08-18,66,33,2,16424.4
11569,2025-08-30,170,21,5,25761.67
11570,2025-03-26,66,27,8,61326.71
11571,2025-05-11,106,19,5,11779.5
11572,2023-04-09,27,28,1,2345.61
11573,2025-08-09,3,36,7,9119.03
11574,2024-05-11,13,23,4,32758.46
11575,2023-03-04,221,3,1,1830.71
11576,2023-04-15,50,30,3,24306.61
11577,2025-02-22,35,2,5,46982.45
11578,2025-08-31,45,23,4,36329.21
11579,2023-08-04,257,7,7,61410.39
11580,2023-11-18,297,33,6,49610.53
11581,2023-10-19,75,25,1,8167.61
11582,2025-09-03,169,26,7,47400.01
11583,2023-12-22,77,32,5,13772.23
11584,2024-12-13,66,10,5,39069.64
11585,2024-10-09,161,20,4,9359.34
11586,2024-03-24,255,8,4,30417.83
11587,2024-11-18,273,25,4,34714.61
11588,2023-08-14,9,17,4,6980.5
11589,2025-10-16,115,26,5,35939.32
11590,2025-09-29,227,25,2,15907.82
11591,2023-01-14,145,1,5,37956.63
11592,2024-06-12,72,9,6,
11593,2023-07-31,125,10,6,54070.76
11594,2024-05-06,104,16,6,53450.63
11595,2024-02-01,34,40,8,8803.02
11596,2025-08-15,193,19,4,8315.38
11597,2025-06-14,87,14,6,9234.51
11598,2023-11-11,80,34,8,57848.0
11599,2024-08-25,276,38,8,38944.81
11600,2024-03-05,178,12,4,6836.98
11601,2024-07-14,282,20,6,12394.53
11602,2025-09-17,149,6,6,43534.34
11603,2025-04-12,77,9,3,12419.32
11604,2023-02-27,236,22,5,25797.7
11605,2024-12-18,277,1,2,17864.8
11606,2025-04-24,83,29,5,24038.29
11607,2023-11-14,5,9,1,3623.51
11608,2025-03-21,296,21,3,16505.78
11609,2023-04-06,216,13,3,12786.32
11610,2023-04-13,116,10,6,48427.05
11611,2024-05-21,8,18,1,1637.7
11612,2024-03-28,171,28,6,14431.17
11613,2025-08-21,128,18,6,10780.3
11614,2025-06-22,136,29,3,13605.98
11615,2024-10-16,124,22,6,30436.28
11616,2024-08-18,200,31,5,36863.76
11617,2023-02-28,131,19,5,10905.21
11618,2023-07-27,293,24,1,4248.98
11619,2024-04-26,283,2,4,36777.54
11620,2024-04-10,29,7,3,23271.15
11621,2024-02-26,106,11,4,12560.68
11622,2024-07-01,282,24,7,32137.79
11623,2024-09-29,6,39,3,6534.32
11624,2024-03-03,96,6,3,19293.86
11625,2024-10-04,34,2,8,70511.61
11626,2023-04-28,117,26,4,26429.2
11627,2025-11-07,225,30,1,7884.87
11628,2024-07-21,54,36,6,7985.94
11629,2024-01-06,39,20,3,7134.43
11630,2024-04-30,2,31,6,41791.71
11631,2024-03-22,18,29,5,24133.11
11632,2023-11-10,239,2,4,32990.51
11633,2024-11-02,59,14,2,2973.13
11634,2025-08-29,35,29,8,32845.42
11635,2025-08-28,294,15,7,48230.31
11636,2023-07-02,111,24,3,12207.9
11637,2025-02-12,134,21,4,20918.32
11638,2025-04-05,89,26,6,43164.32
11639,2024-05-30,45,37,3,8247.28
11640,2025-01-23,211,35,5,10960.02
11641,2025-06-10,198,14,1,1701.21
11642,2023-04-25,113,19,8,17163.88
11643,2024-06-15,114,4,3,5603.65
11644,2023-02-04,33,33,4,31866.64
11645,2025-11-21,166,2,5,44840.88
11646,2024-08-01,140,18,2,3587.28
11647,2023-11-06,299,36,3,4157.92
11648,2023-03-11,96,38,4,20432.11
11649,2023-05-20,210,13,1,4599.36
11650,2023-11-05,104,39,3,5945.49
11651,2025-06-28,161,5,5,18769.97
11652,2025-12-11,92,29,2,8958.07
11653,2023-11-22,300,24,3,14649.04
11654,2024-01-08,128,33,8,61600.21
11655,2025-07-16,152,34,7,44876.67
11656,2023-04-21,36,18,2,3807.04
11657,2024-10-29,136,24,6,25559.74
11658,2024-10-18,276,30,5,44158.25
11659,2024-07-11,256,7,6,50782.17
11660,2025-07-03,174,25,2,17618.69
11661,2023-04-06,288,17,8,14073.5
11662,2023-11-08,39,15,5,34400.66
11663,2025-05-11,216,11,7,21668.0
11664,2023-11-27,118,19,7,16308.63
11665,2023-03-14,110,1,3,24300.27
11666,2024-05-15,296,25,1,8388.61
11667,2025-11-22,121,39,5,9839.54
11668,2025-05-15,176,20,3,6526.67
11669,2025-08-18,3,19,3,6738.43
11670,2023-11-09,66,19,2,4458.41
11671,2023-11-28,72,6,2,12726.57
11672,2023-06-19,201,22,7,37089.13
11673,2023-05-21,234,36,2,2605.91
11674,2023-11-01,129,36,7,8893.19
11675,2025-08-27,147,40,1,1083.66
11676,2025-01-09,199,7,8,60834.5
11677,2024-06-09,257,33,2,14691.26
11678,2024-05-30,232,21,7,33910.66
11679,2023-05-17,202,11,2,6043.92
11680,2024-06-20,22,31,2,13309.43
11681,2024-06-29,170,8,6,41766.87
11682,2025-04-18,48,19,1,2409.48
11683,2023-09-28,242,22,3,16336.17
11684,2025-08-03,172,23,5,45585.22
11685,2024-03-22,150,24,1,4299.17
11686,2023-03-06,13,4,3,5853.62
11687,2024-12-02,201,36,4,5479.93
11688,2024-10-24,153,8,5,34578.65
11689,2025-09-29,147,39,2,4510.78
11690,2024-08-27,68,39,5,9540.11
11691,2025-05-27,106,37,6,18980.71
11692,2023-09-20,250,12,3,5606.2
11693,2023-06-26,230,14,2,3268.01
11694,2024-12-05,252,32,3,7291.04
11695,2024-06-06,22,24,5,24043.12
11696,2025-05-17,66,40,1,1073.65
11697,2024-06-22,294,5,2,7030.01
11698,2025-05-21,22,24,1,4184.98
11699,2025-12-19,289,21,4,19380.49
11700,2025-11-26,205,38,7,35143.88
11701,2023-04-06,250,3,7,14196.94
11702,2025-11-28,126,18,6,10369.68
11703,2024-07-13,141,5,3,11210.72
11704,2024-02-14,90,31,1,7237.45
11705,2025-09-28,135,5,5,17862.95
11706,2023-07-05,269,39,2,4101.79
11707,2024-03-12,121,13,4,17645.61
11708,2025-07-01,18,18,5,8515.53
11709,2023-10-14,138,13,1,4579.41
11710,2025-10-20,24,14,1,1526.53
11711,2024-08-31,67,29,1,4529.16
11712,2024-07-14,56,15,8,47671.79
11713,2023-12-17,240,4,7,15431.65
11714,2023-05-18,103,7,2,15159.68
11715,2025-10-12,265,5,3,11196.56
11716,2023-01-05,210,40,5,5501.28
11717,2023-04-03,151,27,6,45396.96
11718,2023-03-24,72,38,4,20508.78
11719,2023-08-15,256,27,4,28340.47
11720,2025-03-15,196,28,6,13527.99
11721,2023-04-02,88,29,7,30646.64
11722,2023-06-12,89,36,2,2784.91
11723,2025-02-18,258,29,2,9213.16
11724,2023-02-06,198,19,6,14158.72
11725,2023-11-17,292,27,4,33487.87
11726,2025-06-25,152,16,2,16088.85
11727,2025-09-12,202,23,5,43491.06
11728,2024-06-26,238,6,1,6511.56
11729,2025-09-05,289,30,7,60285.18
11730,2025-08-30,64,2,3,26970.32
11731,2025-10-22,218,4,1,1951.91
11732,2023-09-28,141,10,8,60197.52
11733,2023-10-08,209,9,3,11170.47
11734,2024-12-23,11,31,7,48200.91
11735,2023-01-01,142,30,4,32110.32
11736,2023-10-18,298,10,1,8146.37
11737,2024-02-29,18,8,5,38978.21
11738,2025-08-31,59,14,1,1500.93
11739,2025-11-20,38,22,2,11802.01
11740,2024-01-10,249,29,8,35196.12
11741,2025-04-16,249,11,5,
11742,2024-08-19,170,28,3,6991.58
11743,2023-03-07,55,18,6,11392.16
11744,2024-03-11,290,4,5,10275.97
11745,2025-02-08,206,34,6,46598.14
11746,2025-02-11,136,14,6,8389.11
11747,2025-10-01,49,27,2,17040.94
11748,2024-11-18,170,12,4,6802.11
11749,2025-11-25,227,18,4,7586.5
11750,2024-05-10,76,27,2,14193.53
11751,2025-02-23,287,11,3,9326.34
11752,2024-11-09,232,4,6,12398.22
11753,2025-08-02,186,33,4,32087.13
11754,2025-10-14,153,4,3,5907.56
11755,2025-07-10,12,27,3,22902.79
11756,2025-11-12,37,24,2,8305.66
11757,2024-01-28,222,18,8,13045.4
11758,2025-12-23,27,7,6,50908.02
11759,2023-04-19,143,35,1,1936.8
11760,2024-02-07,57,16,7,56428.74
11761,2025-03-07,260,28,8,17646.91
11762,2024-11-09,257,34,7,46459.11
11763,2023-05-30,45,40,1,1000.6
11764,2025-01-15,127,32,2,5112.7
11765,2024-02-25,85,27,1,8450.1
11766,2025-05-21,4,39,1,2092.71
11767,2025-12-26,276,36,2,2838.14
11768,2023-08-10,217,2,8,65891.87
11769,2024-09-04,252,23,3,26774.59
11770,2023-01-31,99,13,5,23418.55
11771,2024-07-25,273,29,7,34809.15
11772,2025-07-11,20,6,8,55400.17
11773,2025-11-03,157,34,7,50808.12
11774,2025-05-17,35,39,1,2249.29
11775,2023-11-08,203,4,8,14909.35
11776,2024-02-16,183,31,5,36844.19
11777,2025-12-30,280,19,4,9453.4
11778,2025-05-16,233,40,6,6685.34
11779,2025-09-25,198,25,1,8154.94
11780,2023-09-27,114,38,5,21437.27
11781,2024-02-03,27,3,6,10326.36
11782,2025-06-22,276,25,2,17392.55
11783,2023-12-25,47,32,8,19864.18
11784,2025-04-06,36,3,1,2020.5
11785,2023-05-19,1,29,1,4182.78
11786,2023-03-10,255,34,4,30210.74
11787,2025-09-29,34,38,7,32618.1
11788,2023-11-28,76,22,4,21148.3
11789,2023-07-23,9,15,1,6051.86
11790,2023-10-07,251,34,5,34488.45
11791,2023-01-10,116,19,6,
11792,2025-04-12,205,13,4,16503.62
11793,2025-09-01,185,37,4,11031.1
11794,2023-01-19,185,32,8,22584.86
11795,2024-10-16,259,17,8,13220.73
11796,2024-02-04,262,2,5,45810.26
11797,2025-01-05,123,34,7,51757.82
11798,2025-02-06,70,9,2,7479.8
11799,2025-03-13,49,17,1,1825.07
11800,2023-02-20,32,2,6,51439.72
11801,2023-02-16,273,14,4,5825.51
11802,2025-11-01,92,37,2,5311.61
11803,2023-04-11,276,12,2,3450.3
11804,2024-07-09,185,3,3,5074.14
11805,2024-07-01,294,9,4,15874.85
11806,2024-02-19,183,8,6,46087.04
11807,2023-02-25,8,18,1,1589.22
11808,2023-07-03,231,7,2,18048.17
11809,2024-07-06,178,7,3,25972.58
11810,2023-05-01,74,11,7,
11811,2025-03-17,190,34,4,30953.1
11812,2025-07-30,44,12,3,5465.4
11813,2024-12-20,161,39,1,1925.64
11814,2025-06-27,252,30,8,70097.86
11815,2024-11-06,57,4,4,8785.03
11816,2025-01-28,180,16,7,56816.79
11817,2023-02-20,277,3,8,14843.5
11818,2024-08-20,237,8,1,7152.94
11819,2023-09-17,161,1,1,9068.94
11820,2023-07-22,24,15,1,5849.52
11821,2025-09-09,12,38,8,39744.99
11822,2025-06-24,54,40,3,
11823,2023-05-15,104,3,4,7625.54
11824,2025-12-16,174,13,1,4532.61
11825,2024-08-06,219,28,2,
11826,2024-11-11,225,30,2,15112.45
11827,2023-02-24,61,13,8,34802.46
11828,2025-08-25,108,20,6,12483.63
11829,2025-10-25,233,8,4,
11830,2025-04-20,233,22,5,25705.61
11831,2023-07-07,63,10,4,31040.86
11832,2024-07-30,67,7,1,8999.21
11833,2024-03-24,130,28,4,9562.16
11834,2024-03-05,93,7,7,
11835,2024-08-21,88,1,8,66933.47
11836,2025-02-21,146,19,7,14437.43
11837,2025-02-25,39,35,2,3772.81
11838,2023-09-22,10,15,7,45679.95
11839,2025-10-23,266,23,2,17856.77
11840,2024-04-23,163,8,1,7742.16
11841,2025-03-17,103,10,3,27471.36
11842,2025-08-07,150,7,3,27219.31
11843,2024-01-16,226,9,1,4128.51
11844,2025-07-28,135,25,5,41707.21
11845,2023-03-24,268,27,7,57474.13
11846,2023-11-23,243,13,7,29022.15
11847,2025-02-13,85,26,4,29841.41
11848,2025-04-06,186,16,3,25331.51
11849,2025-11-30,2,13,5,23967.28
11850,2024-04-06,141,7,3,22421.09
11851,2023-01-19,158,14,8,13151.56
11852,2024-05-01,284,13,4,17462.31
11853,2025-04-28,71,19,4,9628.91
11854,2023-05-07,215,34,5,35680.1
11855,2023-07-12,263,37,3,9350.64
11856,2024-03-28,135,10,8,69567.45
11857,2024-05-18,50,22,5,28337.39
11858,2024-04-24,177,5,1,3899.9
11859,2024-07-26,217,34,5,32814.85
11860,2024-11-02,136,14,4,6737.19
11861,2024-11-03,8,26,3,20949.86
11862,2024-03-26,199,37,2,6086.48
11863,2025-12-19,82,23,2,17766.31
11864,2024-06-19,183,37,5,14293.82
11865,2025-01-22,60,20,3,6783.08
11866,2024-12-30,189,38,5,25617.94
11867,2024-03-05,256,28,6,14138.7
11868,2024-12-02,13,26,4,30129.39
11869,2025-02-21,180,20,2,4055.79
11870,2024-06-11,215,40,6,6490.96
11871,2024-05-26,198,30,8,68894.03
11872,2024-10-16,158,24,7,30559.12
11873,2024-03-28,25,8,2,13866.49
11874,2025-04-09,102,34,7,52647.69
11875,2024-02-05,93,13,3,13757.56
11876,2023-04-14,113,4,1,1965.19
11877,2024-06-24,268,35,1,1839.03
11878,2025-09-14,14,28,7,17656.55
11879,2023-11-04,184,16,4,37565.37
11880,2023-12-07,167,22,8,47060.86
11881,2023-09-23,228,34,3,22677.39
11882,2025-10-14,108,12,1,1725.2
11883,2023-06-12,151,38,6,28786.08
11884,2024-04-29,158,5,5,17762.6
11885,2024-04-27,62,24,8,34889.8
11886,2024-09-09,11,29,8,35551.15
11887,2023-11-18,275,5,2,7401.87
11888,2025-04-15,244,12,2,3982.84
11889,2025-07-05,80,31,7,48460.58
11890,2024-04-22,133,25,4,32699.5
11891,2025-07-17,52,27,3,24026.26
11892,2023-05-13,5,27,2,16021.63
11893,2024-01-12,195,12,4,7109.51
11894,2025-08-27,173,2,3,27609.18
11895,2024-11-08,26,35,2,4125.33
11896,2023-07-07,287,5,2,7506.85
11897,2025-09-15,230,20,8,16793.83
11898,2025-08-18,46,35,1,2061.02
11899,2024-01-29,214,3,3,5470.62
11900,2023-07-25,215,29,4,19473.46
11901,2024-08-30,115,3,6,11387.38
11902,2024-10-03,215,5,4,15197.88
11903,2024-04-30,155,10,1,8866.11
11904,2025-02-19,129,15,5,29993.25
11905,2024-12-13,147,25,6,46136.6
11906,2025-05-10,145,15,5,33471.57
11907,2025-11-16,23,33,2,14094.56
11908,2025-04-04,111,4,8,17547.45
11909,2023-06-01,24,4,4,8358.46
11910,2023-01-09,103,10,6,49320.18
11911,2025-11-23,106,1,6,52060.08
11912,2025-06-02,261,11,2,5376.8
11913,2024-12-29,2,25,2,17262.06
11914,2023-10-04,133,27,1,8465.12
11915,2025-05-21,56,17,5,7555.7
11916,2023-04-30,260,13,4,18989.88
11917,2024-11-26,110,18,7,11833.42
11918,2024-02-17,129,23,7,58917.88
11919,2025-08-10,189,33,2,16829.95
11920,2025-01-16,232,7,6,52620.48
11921,2023-12-24,155,37,4,11418.94
11922,2025-05-15,243,16,1,9753.67
11923,2025-02-14,53,39,2,3733.04
11924,2023-10-03,177,13,7,31535.75
11925,2023-10-17,228,32,2,5169.72
11926,2024-02-28,131,19,4,9757.73
11927,2024-07-10,239,1,4,30333.12
11928,2023-10-31,258,2,7,60360.66
11929,2025-01-16,199,7,4,32972.43
11930,2024-07-28,277,24,5,20392.28
11931,2023-08-09,207,24,6,27532.85
11932,2025-02-08,99,7,3,26563.8
11933,2023-03-08,77,39,7,15584.16
11934,2025-10-14,102,14,6,8649.26
11935,2025-05-16,252,4,6,12093.43
11936,2023-04-10,273,23,8,75421.12
11937,2025-06-04,176,21,3,14224.81
11938,2023-12-31,295,5,6,22341.55
11939,2024-12-29,54,16,4,34076.47
11940,2023-09-16,147,26,3,22563.43
11941,2023-12-18,206,17,6,10292.03
11942,2023-01-17,56,15,2,13736.78
11943,2024-12-21,189,11,7,18487.6
11944,2024-10-07,78,16,8,72703.32
11945,2023-04-02,171,11,6,17133.75
11946,2023-10-30,95,8,4,27894.21
11947,2024-12-26,142,10,5,40981.21
11948,2025-05-23,120,5,3,11249.4
11949,2024-09-22,231,5,2,7271.47
11950,2023-06-29,298,12,7,12915.0
11951,2024-11-06,220,23,7,57505.2
11952,2023-09-02,95,4,5,10083.07
11953,2024-05-04,177,18,3,5214.46
11954,2024-06-08,28,27,8,67594.92
11955,2023-09-04,21,29,4,19468.06
11956,2025-06-10,166,19,5,11178.26
11957,2025-03-05,70,26,8,55660.57
11958,2023-05-01,288,23,1,8237.63
11959,2024-05-23,294,39,2,4173.13
11960,2023-05-06,60,34,6,39484.09
11961,2025-03-27,121,14,8,13572.37
11962,2024-02-26,154,3,7,12755.92
11963,2024-02-03,190,36,2,2442.13
11964,2023-09-27,230,1,7,56351.89
11965,2023-04-07,40,16,1,9699.0
11966,2023-05-28,161,10,5,40156.06
11967,2024-08-16,172,27,5,38158.73
11968,2025-03-05,12,1,7,64314.49
11969,2024-11-12,183,33,7,57229.54
11970,2023-09-05,86,25,1,8164.7
11971,2025-10-06,229,16,4,
11972,2024-12-14,167,1,1,8207.56
11973,2025-08-30,291,18,7,11986.96
11974,2023-01-06,52,23,1,9272.31
11975,2023-03-04,137,26,4,28030.9
11976,2023-03-07,184,16,6,57937.04
11977,2025-04-25,94,5,7,27473.5
11978,2024-02-06,129,8,8,65010.78
11979,2023-10-14,48,22,1,5410.94
11980,2024-10-14,168,10,3,24495.91
11981,2025-02-02,101,4,3,6096.36
11982,2024-05-05,188,16,3,27657.34
11983,2024-02-20,134,9,1,4139.95
11984,2024-02-29,164,16,6,56790.93
11985,2023-12-19,290,25,6,48508.73
11986,2024-02-20,279,7,4,34678.71
11987,2024-06-18,154,39,4,8031.95
11988,2023-12-24,174,6,7,49073.05
11989,2024-08-03,203,40,6,5773.45
11990,2024-12-09,129,15,2,13615.71
11991,2025-01-30,221,11,2,6033.87
11992,2023-01-11,7,29,5,21026.16
11993,2024-11-29,5,6,6,37867.76
11994,2023-12-14,7,25,8,64654.99
11995,2025-01-12,70,21,8,
11996,2025-11-18,39,34,5,38412.68
11997,2024-02-25,163,18,1,1922.36
11998,2023-05-03,254,10,5,42598.67
11999,2025-01-11,18,16,3,24613.31
12000,2023-12-29,179,5,2,7838.43
12001,2024-01-14,46,31,7,53214.7
12002,2024-11-05,228,6,7,42670.42
12003,2024-10-27,226,29,7,32725.21
12004,2023-01-29,276,16,1,9196.4
12005,2024-05-18,203,23,7,62093.22
12006,2024-02-19,206,17,8,14036.8
12007,2024-09-08,42,25,2,15135.46
12008,2024-11-17,26,31,5,33473.8
12009,2023-01-20,36,24,5,21570.63
12010,2023-03-09,261,22,4,22714.52
12011,2024-06-30,253,28,1,2170.72
12012,2025-07-08,132,19,1,2162.75
12013,2023-08-29,142,38,4,17508.05
12014,2023-05-08,17,4,3,5492.27
12015,2024-02-27,95,38,5,23280.18
12016,2023-10-20,39,10,5,39270.53
12017,2023-03-22,216,40,3,3186.61
12018,2025-10-12,62,24,4,
12019,2024-12-20,201,35,4,8467.18
12020,2025-05-18,260,2,8,65979.57
12021,2025-09-05,299,5,3,11312.98
12022,2024-11-25,165,6,5,34261.24
12023,2024-01-24,32,19,1,2109.26
12024,2023-01-01,201,1,4,32748.13
12025,2023-04-26,231,32,1,2519.22
12026,2023-12-11,241,36,1,1341.76
12027,2024-11-10,139,12,7,13120.01
12028,2024-12-23,183,12,1,1635.3
12029,2023-05-20,75,25,1,7837.31
12030,2023-10-12,45,35,8,16635.36
12031,2025-09-03,150,3,8,13624.47
12032,2023-11-17,145,21,2,11085.98
12033,2023-05-15,7,9,8,30157.99
12034,2023-09-26,290,20,7,14282.95
12035,2024-02-01,38,17,8,14152.87
12036,2024-06-27,63,16,4,33784.89
12037,2024-06-25,33,3,7,14271.96
12038,2023-04-27,177,36,1,1468.44
12039,2023-05-10,208,17,1,1808.39
12040,2023-08-14,238,37,1,3146.31
12041,2023-12-16,213,10,1,7636.07
12042,2025-11-24,8,34,8,51466.72
12043,2023-10-29,74,35,3,5881.2
12044,2024-01-23,224,32,3,7616.94
12045,2025-02-20,93,13,2,8570.76
12046,2024-01-07,222,27,5,39800.82
12047,2025-12-15,232,16,1,9405.39
12048,2024-06-17,47,39,2,4355.45
12049,2024-02-02,117,33,8,67203.95
12050,2025-04-24,129,17,8,13906.15
12051,2025-05-15,105,23,8,73940.39
12052,2024-12-25,240,37,3,8049.37
12053,2023-06-03,284,3,7,11747.62
12054,2023-11-19,34,9,1,3832.47
12055,2024-09-27,164,9,3,12498.88
12056,2024-02-09,44,1,3,24596.48
12057,2024-04-18,162,25,7,54217.08
12058,2023-11-07,210,28,7,15298.14
12059,2023-11-12,184,8,7,50096.44
12060,2024-06-12,26,30,3,26704.78
12061,2025-06-18,13,10,3,24223.55
12062,2024-02-05,261,36,7,10158.95
12063,2025-03-28,120,25,2,18283.73
12064,2025-12-10,186,19,4,9553.39
12065,2023-05-27,237,20,2,4878.92
12066,2025-10-09,8,8,5,35982.57
12067,2023-11-17,196,11,4,10898.94
12068,2023-04-17,266,14,6,8831.1
12069,2025-06-16,268,23,7,54357.48
12070,2023-01-09,232,20,2,4885.54
12071,2025-12-22,94,26,1,6544.26
12072,2023-08-15,152,32,1,2647.08
12073,2024-10-31,143,2,4,34226.38
12074,2023-10-01,40,34,7,50139.55
12075,2025-08-12,71,11,3,8594.19
12076,2025-02-12,193,5,7,26145.39
12077,2025-12-13,56,13,8,32831.23
12078,2025-05-14,93,31,8,
12079,2025-03-21,28,36,2,2512.21
12080,2025-10-30,246,31,5,33585.67
12081,2024-12-06,60,3,6,11866.44
12082,2023-08-21,201,5,5,19543.15
12083,2023-08-31,50,14,3,4204.5
12084,2024-12-18,90,1,4,35881.08
12085,2024-02-10,132,8,6,47526.87
12086,2025-04-10,192,11,4,10631.04
12087,2024-11-13,124,28,7,15411.15
12088,2023-02-12,161,25,2,18025.61
12089,2025-10-11,230,33,7,50833.35
12090,2025-12-01,143,2,5,48358.98
12091,2023-11-27,234,3,7,13081.74
12092,2023-11-07,284,29,1,4963.38
12093,2024-03-08,163,35,3,6005.64
12094,2025-06-07,202,26,8,51520.22
12095,2023-01-25,197,28,3,7236.31
12096,2023-07-16,269,39,4,8145.99
12097,2025-02-01,141,9,1,3537.83
12098,2024-04-01,254,30,8,70612.9
12099,2024-04-30,94,37,3,9465.8
12100,2025-10-23,261,37,8,25545.25
12101,2025-05-23,152,12,1,1863.24
12102,2023-05-03,28,2,7,63635.62
12103,2023-09-13,190,32,7,16958.15
12104,2023-10-13,100,6,1,7259.66
12105,2024-12-23,287,3,1,1941.08
12106,2024-04-15,157,24,5,23046.38
12107,2025-01-07,245,19,2,4704.12
12108,2023-09-04,132,30,8,70919.67
12109,2024-05-23,20,21,7,35163.01
12110,2024-02-05,172,8,5,34897.23
12111,2023-07-26,193,36,7,10409.19
12112,2023-08-12,189,18,1,1592.37
12113,2024-03-17,28,34,8,54251.1
12114,2025-01-11,6,26,8,55533.94
12115,2025-03-26,187,22,4,20027.61
12116,2025-04-27,144,11,7,19543.03
12117,2023-07-27,255,3,1,1991.32
12118,2024-09-25,67,3,3,5701.5
12119,2023-04-09,210,18,7,12505.09
12120,2023-05-25,74,19,2,4091.73
12121,2024-05-21,36,16,3,26311.33
12122,2025-02-04,172,34,6,39412.36
12123,2023-09-14,128,40,7,7293.63
12124,2023-07-06,131,4,7,
12125,2025-05-26,59,28,1,2326.39
12126,2024-10-18,55,30,4,31970.43
12127,2025-06-13,199,17,1,1773.42
12128,2023-04-06,117,16,4,35338.43
12129,2025-11-01,214,15,5,34416.52
12130,2025-06-03,122,17,3,4879.92
12131,2025-07-08,222,31,6,38788.83
12132,2023-04-23,116,36,3,3944.31
12133,2024-12-09,107,4,5,10813.02
12134,2024-08-15,76,6,5,32277.96
12135,2023-07-24,180,33,5,41154.61
12136,2025-09-29,120,6,1,6899.44
12137,2025-06-20,63,27,5,37158.65
12138,2025-06-26,15,3,3,5218.64
12139,2025-03-08,279,18,2,3241.85
12140,2023-07-14,112,2,6,53108.57
12141,2025-03-28,282,29,1,4701.11
12142,2024-05-20,127,23,2,16479.83
12143,2025-02-02,10,16,3,29126.82
12144,2024-10-13,299,28,2,4265.06
12145,2025-06-27,170,6,5,
12146,2024-07-22,288,26,6,38964.74
12147,2023-11-23,216,17,2,3692.45
12148,2024-12-25,61,17,8,12352.97
12149,2025-01-06,70,3,2,4020.25
12150,2023-11-15,143,34,7,48762.18
12151,2024-07-20,10,4,4,7708.25
12152,2024-12-29,96,13,7,27748.86
12153,2024-01-05,1,18,4,6633.48
12154,2023-07-06,174,29,8,35354.8
12155,2023-12-24,213,34,3,23175.89
12156,2025-07-03,70,4,1,2201.29
12157,2023-06-20,4,9,8,28357.04
12158,2024-03-06,61,15,6,38657.23
12159,2024-06-22,116,21,8,37609.25
12160,2025-05-20,103,6,3,18349.69
12161,2024-02-08,240,40,1,1090.71
12162,2025-12-24,210,12,4,7282.88
12163,2024-04-06,16,34,4,30699.28
12164,2024-05-21,130,31,5,37615.13
12165,2025-07-21,213,37,2,5446.22
12166,2024-05-08,295,37,7,21001.57
12167,2025-01-16,130,27,3,24862.25
12168,2024-01-21,139,13,4,18411.67
12169,2025-01-14,117,24,1,4519.01
12170,2024-10-15,278,8,4,30342.33
12171,2025-12-13,146,24,1,4522.4
12172,2024-03-12,107,9,5,19013.9
12173,2023-08-27,106,25,1,8508.38
12174,2023-06-02,165,30,3,26843.9
12175,2024-07-10,259,19,2,4390.33
12176,2024-07-02,142,32,1,2549.4
12177,2023-04-12,201,15,6,37710.97
12178,2023-01-13,104,22,8,47345.61
12179,2024-03-06,117,10,1,7921.81
12180,2023-02-08,100,15,4,25147.58
12181,2025-11-06,37,3,8,15577.41
12182,2025-05-15,43,38,8,36641.13
12183,2023-04-05,152,15,7,47715.4
12184,2025-05-02,182,28,1,2379.85
12185,2025-04-09,300,31,3,19207.86
12186,2025-03-05,76,24,1,4340.17
12187,2025-08-05,268,23,6,47917.24
12188,2025-02-12,143,33,4,30564.75
12189,2024-07-11,21,7,8,64433.52
12190,2025-03-05,265,4,2,3896.66
12191,2025-05-23,107,33,1,8244.54
12192,2024-09-30,288,36,4,5846.38
12193,2024-04-27,141,2,5,46996.65
12194,2024-09-19,263,22,4,23229.97
12195,2024-01-22,122,38,4,20194.95
12196,2024-03-19,224,18,4,7614.98
12197,2024-07-07,34,27,3,21901.37
12198,2025-03-31,58,15,1,6869.83
12199,2023-08-02,56,23,3,24034.33
12200,2024-04-18,155,14,4,5924.77
12201,2023-12-03,161,17,1,1776.67
12202,2023-06-19,59,32,4,9583.25
12203,2023-12-01,217,34,6,46596.99
12204,2023-11-27,238,9,1,4204.14
12205,2025-12-18,215,1,2,15104.09
12206,2024-02-29,164,39,8,16921.23
12207,2024-01-03,202,1,4,36420.17
12208,2024-03-08,261,21,2,10455.85
12209,2023-09-08,203,21,8,41797.71
12210,2025-09-26,187,26,2,14147.37
12211,2025-10-26,3,12,3,5490.75
12212,2024-03-05,108,6,8,54012.16
12213,2023-06-01,66,17,3,5218.82
12214,2023-01-21,97,39,2,4493.74
12215,2025-11-23,101,22,8,40427.3
12216,2025-06-29,247,18,8,13308.59
12217,2025-07-23,77,2,5,40290.36
12218,2024-10-03,90,38,2,8550.94
12219,2024-12-09,117,40,5,5011.98
12220,2025-04-20,72,3,2,4006.18
12221,2024-04-13,120,28,2,4549.39
12222,2025-06-23,297,31,6,42611.15
12223,2023-08-04,102,4,6,11625.99
12224,2024-05-02,71,15,3,20954.69
12225,2023-04-27,4,30,4,31151.23
12226,2025-04-28,292,35,5,9789.71
12227,2023-04-24,260,22,5,26852.09
12228,2024-07-04,78,12,1,1707.29
12229,2024-01-18,288,28,4,8642.82
12230,2025-12-24,121,14,5,7590.74
12231,2024-03-21,185,30,1,7802.9
12232,2023-06-04,259,1,6,45547.8
12233,2025-10-08,82,40,8,9185.85
12234,2024-08-27,257,11,6,16865.75
12235,2024-08-10,136,5,6,19365.44
12236,2024-11-24,14,5,7,25620.96
12237,2025-12-20,274,40,8,8490.75
12238,2023-01-29,33,38,2,9717.15
12239,2025-02-28,180,20,3,6558.23
12240,2024-05-12,162,31,4,25840.32
12241,2023-06-10,210,9,3,11934.1
12242,2025-09-19,217,38,7,32101.15
12243,2024-08-29,211,15,2,13686.75
12244,2025-09-27,203,24,2,8608.81
12245,2023-06-24,295,15,3,18032.34
12246,2025-01-09,279,5,7,23466.25
12247,2023-02-12,197,36,3,3863.96
12248,2025-12-14,33,31,6,39581.63
12249,2025-10-30,33,21,2,10417.36
12250,2025-08-25,233,40,4,4155.0
12251,2024-01-05,152,3,3,6084.23
12252,2025-02-02,228,18,3,4958.86
12253,2023-07-27,277,29,3,14770.43
12254,2025-07-09,247,14,2,3002.06
12255,2023-04-22,39,20,7,15690.45
12256,2025-03-15,130,8,5,41310.81
12257,2024-12-15,16,33,4,32676.21
12258,2023-11-19,83,11,6,18967.71
12259,2024-05-19,16,2,7,63079.77
12260,2024-06-04,260,7,2,15954.89
12261,2023-01-13,21,35,1,2070.05
12262,2023-02-27,39,21,1,5378.03
12263,2025-02-22,50,36,2,2459.7
12264,2025-01-21,26,21,3,14335.51
12265,2023-10-09,232,1,8,73120.0
12266,2024-05-04,135,33,1,8076.78
12267,2025-05-04,180,20,1,
12268,2025-01-13,276,5,3,10061.31
12269,2024-06-19,220,5,1,3916.44
12270,2025-08-04,130,3,6,10681.09
12271,2024-08-09,167,22,5,25585.39
12272,2023-01-06,195,28,6,13773.21
12273,2024-05-15,107,4,3,5859.65
12274,2023-09-24,154,24,8,32520.29
12275,2025-01-10,236,36,2,2895.66
12276,2023-04-25,256,37,7,21968.29
12277,2025-12-20,51,8,5,35545.41
12278,2024-10-27,205,11,8,23452.12
12279,2025-05-23,108,27,5,41939.26
12280,2024-05-19,221,31,5,
12281,2023-03-17,125,27,2,15646.2
12282,2024-04-22,36,24,2,8461.44
12283,2024-06-25,205,13,5,21685.2
12284,2024-04-03,241,38,3,13515.9
12285,2023-09-14,229,9,4,16483.91
12286,2023-08-16,29,27,4,29106.82
12287,2023-04-23,171,37,7,18543.48
12288,2024-06-28,18,26,8,60082.41
12289,2023-08-02,183,2,1,8355.75
12290,2024-11-16,44,8,6,45848.84
12291,2023-09-29,85,11,2,6046.65
12292,2024-04-21,152,38,3,13556.54
12293,2025-11-16,178,14,5,
12294,2024-07-27,258,10,3,24232.0
12295,2025-03-26,254,24,1,4188.77
12296,2025-01-16,35,18,3,4812.78
12297,2025-07-23,132,15,7,48109.77
12298,2023-03-03,292,6,7,43860.08
12299,2025-02-04,226,5,8,30890.81
12300,2023-09-18,213,12,6,10771.13
12301,2023-12-12,153,23,3,28014.18
12302,2025-09-18,167,1,6,46186.22
12303,2024-03-04,154,29,7,33925.53
12304,2024-07-18,279,11,3,9540.62
12305,2024-04-27,183,29,2,9431.67
12306,2023-04-28,104,27,3,21710.48
12307,2023-11-18,42,20,8,19782.29
12308,2023-06-15,280,26,8,58974.87
12309,2024-04-06,65,13,2,8223.71
12310,2023-01-03,2,8,3,24837.04
12311,2025-04-24,53,1,1,7696.63
12312,2024-08-09,144,23,7,55704.25
12313,2023-03-24,161,22,1,4979.1
12314,2025-12-21,77,5,1,3643.06
12315,2023-10-30,201,26,4,27277.23
12316,2024-01-17,8,10,2,15312.7
12317,2024-06-08,213,18,1,
12318,2024-08-08,157,19,1,2436.5
12319,2025-01-10,63,39,8,15128.24
12320,2024-08-05,222,25,1,8632.28
12321,2024-12-08,101,9,6,21681.19
12322,2023-12-06,251,13,4,17497.58
12323,2025-03-04,44,33,5,37458.32
12324,2025-07-22,2,6,8,50761.32
12325,2023-04-26,197,29,6,24501.47
12326,2023-05-11,10,17,4,6821.32
12327,2023-07-17,127,36,4,5354.74
12328,2023-12-29,195,17,1,1743.25
12329,2023-12-05,82,37,8,21902.07
12330,2025-05-03,84,7,6,54478.66
12331,2023-11-05,68,10,6,
12332,2025-08-29,2,18,3,4950.44
12333,2025-04-07,285,37,4,
12334,2025-10-26,202,36,6,7529.32
12335,2025-12-23,145,17,3,4795.78
12336,2023-03-19,60,35,7,14004.81
12337,2025-01-18,298,28,2,4966.2
12338,2025-08-07,54,40,2,2287.42
12339,2023-02-06,97,39,3,5950.64
12340,2023-06-30,123,33,5,39895.02
12341,2023-11-22,65,24,3,12101.2
12342,2023-08-15,182,15,4,27444.81
12343,2025-05-29,215,24,1,4612.15
12344,2023-05-26,7,33,1,8357.25
12345,2025-10-09,274,3,8,13972.88
12346,2024-01-27,114,15,4,25439.0
12347,2024-10-13,50,24,3,14029.04
12348,2024-03-23,13,31,2,12600.1
12349,2024-01-17,259,10,5,44587.55
12350,2025-08-04,116,12,5,9431.31
12351,2024-01-24,177,16,1,9412.77
12352,2025-12-07,27,31,5,32455.71
12353,2024-11-24,272,16,5,46965.73
12354,2024-01-29,259,4,6,12239.8
12355,2025-08-04,284,39,6,11489.0
12356,2023-11-01,223,15,3,17686.94
12357,2024-01-09,129,26,1,7450.45
12358,2025-08-31,81,16,1,8719.33
12359,2023-07-28,283,29,8,34549.62
12360,2025-08-25,149,31,1,6777.55
12361,2023-01-04,55,7,2,17169.53
12362,2023-01-10,154,6,1,6159.87
12363,2023-05-31,134,13,3,12209.63
12364,2024-11-04,33,4,5,10366.23
12365,2025-07-21,133,36,6,8764.67
12366,2025-07-15,9,39,5,10648.9
12367,2024-11-14,74,5,3,11686.19
12368,2024-12-02,264,12,5,8662.16
12369,2025-12-20,146,39,8,15991.26
12370,2025-11-04,79,24,1,4345.5
12371,2023-03-18,226,18,2,3414.7
12372,2024-09-06,198,7,4,31584.02
12373,2024-02-05,33,16,3,28263.22
12374,2023-05-28,7,14,7,10393.17
12375,2025-05-21,145,21,6,30595.52
12376,2024-08-16,138,27,8,62126.79
12377,2024-12-25,158,18,7,13519.71
12378,2024-07-19,193,9,2,7475.95
12379,2023-03-15,59,19,8,18803.88
12380,2025-08-07,192,24,7,30137.07
12381,2024-03-15,193,17,3,5339.67
12382,2023-08-29,98,35,3,5865.21
12383,2024-11-29,76,29,5,20459.67
12384,2023-11-29,241,36,3,4080.77
12385,2025-01-23,172,12,4,7008.67
12386,2024-07-13,211,20,7,15002.18
12387,2024-05-09,172,7,6,47613.71
12388,2023-04-20,141,38,6,25288.31
12389,2023-07-26,225,18,2,3676.12
12390,2025-08-04,24,33,1,7808.8
12391,2025-11-23,281,4,7,14475.2
12392,2024-08-28,215,29,5,22939.5
12393,2024-05-25,278,18,6,
12394,2023-07-16,47,36,3,4028.46
12395,2025-02-24,151,20,2,4476.69
12396,2024-12-10,156,6,3,21593.09
12397,2024-08-08,79,32,3,7505.3
12398,2023-10-21,200,29,1,4210.45
12399,2023-03-30,73,5,3,9837.74
12400,2025-11-27,188,6,5,32133.9
12401,2023-09-17,236,16,8,72230.14
12402,2024-12-16,261,29,8,36797.26
12403,2023-03-11,229,32,4,10790.38
12404,2025-01-17,140,2,8,73816.49
12405,2023-07-28,239,14,5,7113.39
12406,2025-02-04,169,38,7,32044.26
12407,2023-08-08,251,34,8,55374.34
12408,2024-06-26,206,3,7,11973.16
12409,2024-03-30,170,29,4,18420.28
12410,2024-07-15,191,34,3,22488.94
12411,2023-12-19,270,2,8,64996.09
12412,2024-01-05,300,16,8,71626.65
12413,2024-02-01,198,16,3,24668.25
12414,2024-11-28,5,32,4,10890.46
12415,2025-06-13,190,31,1,7042.45
12416,2024-02-05,166,23,6,47087.46
12417,2023-01-24,252,22,1,5531.42
12418,2023-08-02,242,5,7,23741.76
12419,2023-04-24,196,27,6,44110.88
12420,2024-11-19,64,20,4,9296.82
12421,2025-06-03,231,40,4,4182.58
12422,2023-08-21,43,3,8,16102.27
12423,2024-08-07,279,28,7,17911.27
12424,2024-06-06,85,21,7,38866.8
12425,2024-04-25,119,22,5,27075.44
12426,2025-08-27,174,40,7,8066.01
12427,2023-10-20,226,34,6,38986.94
12428,2024-11-13,19,16,8,75126.91
12429,2024-08-16,90,18,3,5122.34
12430,2025-08-16,126,14,5,8327.54
12431,2023-08-31,146,1,5,38008.68
12432,2025-10-19,146,12,1,1838.24
12433,2025-07-28,263,11,6,15913.17
12434,2024-05-05,176,22,1,5287.52
12435,2025-06-21,293,24,4,18066.81
12436,2024-12-09,231,40,4,3956.1
12437,2023-12-19,285,38,4,19451.44
12438,2025-07-23,191,29,6,27219.36
12439,2023-01-27,228,25,7,55543.79
12440,2023-06-02,170,12,1,1824.73
12441,2025-08-29,255,12,8,14331.09
12442,2025-05-18,81,20,4,8156.95
12443,2023-11-24,266,40,3,3332.0
12444,2025-12-15,128,31,6,43558.71
12445,2024-12-20,183,17,1,1816.72
12446,2023-09-23,64,24,8,38822.43
12447,2025-07-28,74,10,7,56920.83
12448,2025-12-21,103,4,1,2070.61
12449,2025-05-24,6,23,4,35116.88
12450,2024-11-15,252,13,1,3974.23
12451,2025-08-02,229,14,8,12971.88
12452,2025-06-01,158,34,8,54261.96
12453,2024-06-19,229,5,7,24662.73
12454,2025-04-10,207,25,5,43008.41
12455,2025-07-11,220,29,3,13587.06
12456,2023-02-06,101,18,2,3359.35
12457,2024-05-19,175,28,7,
12458,2025-10-21,2,4,2,3698.92
12459,2023-10-16,198,39,5,10506.59
12460,2024-11-03,39,37,7,19164.89
12461,2024-06-10,216,6,6,43244.55
12462,2024-10-04,215,24,3,14544.67
12463,2024-01-03,160,37,8,24374.89
12464,2024-11-28,83,5,1,3851.82
12465,2025-04-20,198,32,5,13587.25
12466,2025-03-19,80,19,6,14002.65
12467,2025-06-29,68,11,8,24365.32
12468,2023-10-04,204,40,8,9228.59
12469,2023-06-04,161,20,4,8486.59
12470,2024-08-16,49,9,2,8094.93
12471,2023-06-30,189,26,4,26028.48
12472,2024-11-18,229,24,3,13272.45
12473,2024-02-25,171,13,6,25351.09
12474,2025-02-25,108,30,6,51120.52
12475,2024-05-22,78,5,4,14705.69
12476,2024-09-07,25,25,1,9074.86
12477,2025-11-13,39,34,6,45533.03
12478,2024-11-18,249,31,4,25422.38
12479,2025-10-28,197,7,5,38689.26
12480,2023-09-23,232,32,7,16415.63
12481,2025-11-24,34,20,6,14061.85
12482,2023-08-24,187,4,5,9755.5
12483,2025-03-10,239,18,7,13467.5
12484,2023-02-20,55,12,8,13660.2
12485,2025-01-11,55,37,5,15943.84
12486,2025-08-22,192,15,3,20071.53
12487,2023-10-24,232,23,8,72357.43
12488,2023-06-22,273,26,3,21307.92
12489,2024-02-13,107,17,7,12657.29
12490,2023-03-15,83,6,7,44030.2
12491,2023-01-03,271,40,7,8012.59
12492,2024-04-13,169,11,7,21861.39
12493,2025-07-01,68,15,1,6499.47
12494,2024-03-17,27,14,7,11214.56
12495,2023-10-30,48,30,1,
12496,2023-09-03,290,4,6,12057.03
12497,2023-03-28,203,10,6,50958.37
12498,2024-03-07,231,37,7,19701.85
12499,2023-12-12,233,31,3,18971.2
12500,2024-05-06,177,23,2,18733.56
12501,2023-12-20,105,31,7,51708.6
12502,2024-10-08,77,14,1,1510.15
12503,2025-03-03,142,34,4,
12504,2023-01-14,220,33,7,55131.48
12505,2023-01-07,199,20,6,14729.94
12506,2023-10-31,140,29,1,4577.89
12507,2023-09-09,89,9,2,8086.02
12508,2023-04-07,250,11,6,18467.69
12509,2025-09-08,117,26,6,38384.72
12510,2023-04-07,46,2,8,72706.95
12511,2025-07-25,170,37,8,25386.11
12512,2023-03-14,34,31,1,7412.06
12513,2024-11-19,91,13,7,33133.49
12514,2024-02-23,83,11,5,13529.99
12515,2024-09-04,44,1,3,26570.89
12516,2024-07-25,197,15,3,18248.18
12517,2023-09-01,273,8,4,32543.12
12518,2023-04-22,71,36,4,5723.94
12519,2025-08-16,37,38,5,22819.97
12520,2025-03-09,95,9,4,15725.59
12521,2025-04-12,297,1,3,25019.19
12522,2024-11-07,243,10,5,45424.53
12523,2024-07-15,254,3,4,7495.89
12524,2025-07-20,89,29,3,12428.05
12525,2023-06-26,135,4,8,16218.16
12526,2024-10-26,37,9,2,6995.72
12527,2023-08-25,259,36,8,10043.52
12528,2024-12-14,187,30,5,41414.15
12529,2024-02-20,20,16,3,26494.24
12530,2024-04-12,225,6,7,42492.41
12531,2023-12-29,169,28,6,13719.98
12532,2024-10-15,17,13,1,4179.08
12533,2023-03-08,107,29,8,34655.62
12534,2025-04-25,182,33,4,30587.53
12535,2024-03-20,91,18,3,4780.33
12536,2025-12-09,57,6,4,24088.17
12537,2024-05-06,269,30,7,55007.64
12538,2023-05-15,283,35,3,6259.59
12539,2023-11-11,12,19,7,17232.15
12540,2024-05-18,17,17,7,12353.03
12541,2024-02-25,259,22,8,40378.34
12542,2023-10-17,88,36,7,10093.91
12543,2023-12-30,24,13,1,4644.1
12544,2025-03-13,145,13,1,4665.42
12545,2024-02-17,204,1,8,70179.26
12546,2023-06-20,104,2,4,
12547,2024-11-08,86,24,8,35636.27
12548,2025-03-20,101,39,2,4068.59
12549,2024-06-28,159,11,2,5264.0
12550,2025-03-04,105,11,4,11702.09
12551,2023-08-05,278,12,6,10354.92
12552,2023-06-08,235,13,2,9519.97
12553,2025-05-20,240,36,1,1399.08
12554,2025-05-14,75,38,5,24855.11
12555,2024-07-15,30,15,5,28844.1
12556,2024-06-15,278,19,4,9440.0
12557,2024-05-16,92,5,6,22762.67
12558,2023-08-30,151,9,2,7680.51
12559,2025-02-20,147,26,6,39652.19
12560,2024-02-22,189,2,1,8918.48
12561,2025-04-03,216,22,7,38984.29
12562,2024-04-28,49,22,8,43528.38
12563,2025-07-18,2,3,3,5359.76
12564,2025-07-16,213,20,4,9299.52
12565,2025-06-07,260,14,1,1673.57
12566,2023-10-22,245,6,7,44347.24
12567,2025-01-02,253,25,7,63290.21
12568,2025-04-05,22,35,3,5465.9
12569,2025-02-28,287,12,1,1879.08
12570,2025-08-20,79,23,4,33306.17
12571,2023-06-22,61,40,2,2142.57
12572,2024-12-20,231,35,7,13593.05
12573,2025-02-04,64,32,2,4727.05
12574,2024-01-27,165,15,8,47512.23
12575,2023-10-06,250,21,7,39837.3
12576,2024-09-11,256,3,6,10937.18
12577,2023-10-10,155,37,4,12740.48
12578,2024-10-06,149,1,1,8424.04
12579,2023-05-12,74,2,7,67587.84
12580,2024-03-08,85,2,5,44216.97
12581,2024-03-10,6,9,6,25501.65
12582,2025-03-14,135,36,1,1347.91
12583,2023-01-22,65,37,7,19466.66
12584,2024-02-02,186,22,1,5156.52
12585,2024-12-20,203,21,7,33193.75
12586,2024-06-28,96,14,3,4292.81
12587,2025-03-30,220,7,8,68644.16
12588,2025-08-09,300,26,3,20286.48
12589,2025-04-29,107,23,3,27709.08
12590,2024-01-02,180,20,6,12678.62
12591,2023-05-22,276,30,3,27054.53
12592,2023-04-06,31,11,3,8166.61
12593,2024-12-02,153,25,6,48076.07
12594,2023-05-19,71,33,3,22461.75
12595,2025-07-06,156,2,5,42588.61
12596,2024-09-25,90,17,5,8252.29
12597,2023-02-09,119,2,7,66384.69
12598,2025-05-16,38,6,6,36440.17
12599,2023-07-31,121,17,7,11151.37
12600,2025-12-22,219,18,3,4799.92
12601,2023-10-21,108,1,3,26558.81
12602,2024-08-25,53,4,8,14879.18
12603,2024-05-20,248,4,1,2016.87
12604,2024-01-21,50,37,6,18823.43
12605,2023-07-08,133,26,6,40182.2
12606,2023-03-09,71,13,8,32235.76
12607,2024-08-13,70,18,6,10049.58
12608,2025-12-12,267,19,6,14778.51
12609,2024-01-12,131,4,3,5549.91
12610,2023-11-25,265,11,6,18679.51
12611,2024-12-18,278,36,1,1251.25
12612,2025-12-29,198,8,4,28230.79
12613,2024-08-04,192,15,1,6710.37
12614,2025-11-26,226,19,4,9308.73
12615,2025-01-21,32,36,2,2610.91
12616,2025-05-23,185,38,8,38961.55
12617,2023-09-27,126,25,3,23422.94
12618,2024-08-27,159,29,7,
12619,2025-02-13,140,25,2,17052.4
12620,2024-02-01,260,21,3,16946.32
12621,2025-03-15,5,17,1,1711.24
12622,2024-02-28,233,15,6,38732.78
12623,2025-03-01,289,27,2,16736.11
12624,2024-05-12,259,10,7,59404.54
12625,2023-03-16,275,10,3,22974.02
12626,2023-04-17,54,26,1,7108.51
12627,2025-11-02,31,11,1,2782.19
12628,2024-11-28,72,19,5,11632.19
12629,2024-09-23,166,35,2,4398.46
12630,2025-04-23,27,6,1,6789.18
12631,2023-10-26,94,9,4,16513.35
12632,2024-02-05,44,39,4,7995.99
12633,2024-04-20,64,16,7,56215.88
12634,2024-12-21,153,20,8,16361.24
12635,2024-07-20,83,30,7,52490.13
12636,2023-10-26,164,40,4,4023.41
12637,2024-07-20,17,14,4,5923.3
12638,2024-02-14,227,20,1,2168.71
12639,2023-09-29,207,15,2,13120.92
12640,2023-07-30,189,35,4,8398.24
12641,2023-10-18,110,37,3,9237.2
12642,2024-08-12,270,3,6,11684.59
12643,2024-02-03,210,9,6,24868.37
12644,2024-04-07,99,26,7,50823.79
12645,2025-05-05,245,10,4,33118.45
12646,2025-01-30,286,6,2,13055.38
12647,2024-04-24,172,36,5,6203.34
12648,2024-09-21,142,37,8,21100.79
12649,2023-02-12,104,12,6,11641.97
12650,2024-03-23,96,25,6,46853.13
12651,2024-05-10,43,14,6,9990.48
12652,2023-11-22,19,7,7,56787.5
12653,2023-08-09,196,36,7,8643.79
12654,2025-03-21,181,1,1,
12655,2023-01-14,203,13,1,4552.21
12656,2025-12-05,261,3,4,8154.13
12657,2025-12-05,235,40,3,3224.76
12658,2024-11-15,68,22,8,47906.37
12659,2023-11-18,42,33,1,7744.76
12660,2023-11-18,147,17,6,9593.54
12661,2024-08-11,14,34,5,34827.06
12662,2025-01-02,184,23,2,17737.76
12663,2024-01-28,264,10,5,44994.2
12664,2024-04-27,219,1,4,35686.07
12665,2023-02-28,182,9,3,12609.86
12666,2025-08-28,250,40,2,2147.8
12667,2025-09-13,29,31,1,6906.5
12668,2023-10-15,123,36,8,10887.01
12669,2025-10-21,213,34,4,30886.68
12670,2025-07-17,294,25,6,49045.76
12671,2023-07-24,17,9,2,7059.4
12672,2023-06-17,21,17,8,13141.74
12673,2024-04-02,190,9,2,7971.8
12674,2025-01-27,202,36,7,10108.96
12675,2024-02-14,167,10,4,36350.28
12676,2025-03-13,30,33,2,16050.19
12677,2023-07-03,215,6,8,56474.09
12678,2025-10-11,153,16,2,18912.16
12679,2024-12-25,29,17,3,5348.1
12680,2023-10-02,9,30,2,16925.99
12681,2025-05-06,273,21,6,33884.61
12682,2024-03-25,253,34,8,61299.05
12683,2025-04-11,283,26,3,18805.38
12684,2025-02-08,51,1,2,15511.07
12685,2025-01-09,296,3,4,8146.14
12686,2023-05-13,158,17,5,8674.33
12687,2023-01-20,230,8,2,14044.6
12688,2025-02-05,195,10,3,27102.31
12689,2023-09-09,94,5,2,6566.29
12690,2023-03-15,102,39,6,12447.29
12691,2024-07-17,294,11,7,19857.3
12692,2025-10-20,279,28,2,4524.11
12693,2025-02-08,185,8,4,28689.03
12694,2023-11-26,176,6,6,36563.48
12695,2024-02-28,216,38,3,13698.01
12696,2025-02-03,258,20,2,4138.35
12697,2024-05-06,199,15,8,
12698,2024-09-03,70,8,3,21890.59
12699,2025-07-09,62,6,8,55981.01
12700,2023-03-04,287,3,3,6048.7
12701,2023-01-26,256,27,3,25240.09
12702,2025-09-01,60,5,3,11245.04
12703,2023-10-22,195,39,4,8698.0
12704,2025-06-19,121,12,6,9979.43
12705,2023-11-14,67,32,5,14118.46
12706,2025-07-16,173,13,6,26588.88
12707,2025-12-23,114,26,2,14025.95
12708,2025-10-05,251,26,6,43170.22
12709,2023-09-07,44,16,4,33374.34
12710,2024-07-20,214,9,8,30774.05
12711,2023-02-21,130,17,3,4656.11
12712,2023-10-20,273,14,5,8409.89
12713,2024-04-01,297,13,7,30553.86
12714,2023-02-09,162,10,2,15468.75
12715,2024-12-12,116,33,1,8461.79
12716,2023-07-31,239,15,7,45267.49
12717,2023-06-17,119,33,8,65038.08
12718,2024-12-13,127,26,3,
12719,2025-07-08,241,20,2,
12720,2025-12-27,9,29,7,31317.99
12721,2023-08-04,25,35,3,5736.5
12722,2025-04-30,68,6,4,24188.7
12723,2025-02-10,36,27,1,8002.6
12724,2025-06-09,13,11,1,2675.7
12725,2023-06-27,224,28,8,18401.91
12726,2024-06-08,20,20,1,2424.24
12727,2025-08-23,40,11,7,21955.66
12728,2024-09-20,12,15,7,47417.27
12729,2023-08-09,184,10,1,7835.8
12730,2023-01-01,53,28,8,20564.64
12731,2025-03-11,246,10,5,38735.31
12732,2023-03-16,199,36,4,5869.2
12733,2025-07-07,169,37,4,12269.53
12734,2024-12-21,55,9,2,8468.8
12735,2023-10-07,25,33,5,42420.12
12736,2023-08-21,288,20,8,18082.19
12737,2023-04-12,62,36,3,3909.41
12738,2024-01-06,131,23,3,27939.0
12739,2024-10-03,163,33,8,59571.96
12740,2023-12-02,176,37,2,5648.43
12741,2024-06-30,287,33,2,15683.42
12742,2024-11-19,51,17,1,1558.71
12743,2024-06-08,197,18,7,12190.96
12744,2023-10-01,190,13,5,20243.64
12745,2025-05-05,210,31,3,20687.09
12746,2025-02-25,293,3,1,2005.02
12747,2024-05-22,179,7,6,53849.06
12748,2023-07-17,246,7,2,18075.81
12749,2024-06-28,98,27,4,32642.32
12750,2024-01-30,77,19,1,2375.62
12751,2024-06-17,183,2,5,44058.36
12752,2023-05-18,130,17,5,9057.57
12753,2024-05-12,3,39,5,9541.64
12754,2023-02-25,142,14,6,8690.91
12755,2024-03-20,125,36,6,7503.76
12756,2025-02-04,240,15,7,43732.15
12757,2023-06-26,244,7,1,7550.17
12758,2023-05-20,183,2,7,65144.62
12759,2023-11-20,62,31,1,6519.32
12760,2025-09-19,158,20,7,16339.06
12761,2023-10-18,195,33,8,62667.12
12762,2025-10-28,15,27,6,48650.88
12763,2023-09-29,217,2,3,27912.16
12764,2023-03-04,134,24,2,9428.46
12765,2025-05-07,47,23,3,25673.29
12766,2023-05-11,103,6,3,20210.07
12767,2023-05-05,258,17,2,3190.58
12768,2024-08-07,78,16,3,26705.92
12769,2023-08-13,74,25,6,46256.95
12770,2024-10-23,260,27,4,34076.03
12771,2024-07-30,289,36,8,11761.59
12772,2025-02-20,117,3,8,13567.04
12773,2023-12-09,104,29,4,16329.23
12774,2023-11-03,83,10,8,65382.26
12775,2023-09-20,184,9,3,
12776,2025-03-31,30,14,5,7727.7
12777,2024-02-13,285,23,3,24943.92
12778,2025-07-22,40,1,6,51578.84
12779,2024-07-03,246,23,1,8423.07
12780,2025-05-19,268,33,4,30358.23
12781,2025-01-08,146,1,1,
12782,2025-01-28,162,35,3,6111.95
12783,2025-11-30,59,6,1,6089.0
12784,2024-05-11,154,34,5,38075.42
12785,2025-07-22,185,15,3,19005.75
12786,2025-06-21,201,15,4,24715.42
12787,2024-04-15,177,8,8,62486.77
12788,2025-02-01,189,23,6,55538.89
12789,2024-05-09,20,10,2,15589.81
12790,2024-12-30,7,8,3,22253.0
12791,2024-03-31,115,28,5,12928.64
12792,2024-06-23,57,30,2,17803.92
12793,2023-09-19,277,39,2,4028.27
12794,2024-11-27,209,22,6,32172.37
12795,2025-11-08,158,19,1,2407.05
12796,2024-01-23,205,28,7,15159.11
12797,2023-03-17,55,26,7,44959.44
12798,2025-02-14,230,37,4,11854.16
12799,2023-08-13,194,31,2,14112.31
12800,2025-02-01,241,36,4,5491.11
12801,2024-12-25,137,27,2,16446.2
12802,2025-11-04,202,38,2,10075.96
12803,2024-10-07,275,27,7,53568.85
12804,2023-05-12,102,22,8,42575.53
12805,2023-11-02,148,1,2,17955.53
12806,2023-10-25,204,12,8,13748.53
12807,2025-10-22,8,35,2,4300.09
12808,2025-07-30,158,27,8,65059.12
12809,2024-03-24,49,7,8,70824.03
12810,2025-08-18,195,2,1,9187.23
12811,2024-10-14,53,8,2,13941.95
12812,2023-12-11,21,8,5,39460.05
12813,2023-04-10,286,21,7,36274.35
12814,2025-09-27,70,11,4,10873.76
12815,2025-09-02,108,24,3,12312.44
12816,2025-03-28,164,30,6,47427.49
12817,2023-04-23,105,31,5,32197.43
12818,2024-09-02,167,32,5,11960.0
12819,2024-03-07,293,12,3,5806.3
12820,2025-01-17,12,38,8,40822.91
12821,2025-08-27,62,38,3,15432.68
12822,2024-08-09,114,4,4,8147.67
12823,2025-10-31,187,26,8,56358.47
12824,2023-08-01,153,17,4,6124.41
12825,2025-09-16,285,34,8,52511.02
12826,2025-08-14,47,28,4,9958.97
12827,2025-06-25,273,20,2,4561.78
12828,2025-11-08,24,15,8,51591.03
12829,2023-09-13,49,3,6,11687.54
12830,2023-07-31,130,15,3,20288.04
12831,2023-02-04,142,1,2,17487.58
12832,2025-04-09,282,39,2,3715.11
12833,2024-05-09,76,26,3,21042.15
12834,2023-11-16,142,22,4,23536.02
12835,2023-03-11,210,18,1,1869.31
12836,2023-10-17,189,26,4,30308.95
12837,2025-11-17,74,18,6,10582.89
12838,2023-03-19,42,37,1,2934.98
12839,2023-01-09,54,14,6,8426.83
12840,2023-10-03,122,18,8,14091.88
12841,2023-12-23,82,8,6,45982.22
12842,2023-08-06,157,29,4,19612.88
12843,2023-08-11,40,19,7,17067.97
12844,2024-08-18,16,12,6,9915.1
12845,2023-01-15,215,11,4,10776.58
12846,2025-12-10,210,35,5,9764.86
12847,2024-06-30,84,36,2,2859.61
12848,2024-02-07,122,9,7,25281.62
12849,2023-03-25,121,8,1,7981.72
12850,2023-08-02,27,24,6,27250.69
12851,2025-09-12,83,39,4,8857.85
12852,2024-01-03,79,24,1,4318.43
12853,2025-01-22,115,35,8,15687.62
12854,2023-06-29,205,31,8,50789.86
12855,2024-02-10,92,16,4,35728.4
12856,2023-12-24,180,12,1,1910.46
12857,2025-07-10,107,31,5,34897.29
12858,2024-03-13,152,23,5,43154.38
12859,2025-05-22,213,24,8,38634.75
12860,2025-10-06,165,2,4,37675.8
12861,2023-12-24,53,19,7,15259.39
12862,2023-08-20,297,31,1,7580.19
12863,2025-07-16,207,33,6,48496.59
12864,2025-10-12,190,22,2,
12865,2025-10-14,105,34,5,33478.85
12866,2023-05-25,95,33,8,64054.07
12867,2024-11-09,29,9,2,7750.75
12868,2023-05-08,129,29,8,36916.12
12869,2024-01-21,36,37,6,16232.09
12870,2024-03-21,131,20,2,4737.09
12871,2025-09-13,271,2,4,38350.38
12872,2025-03-13,278,40,1,1048.91
12873,2025-10-29,13,1,6,48379.04
12874,2025-07-03,172,4,5,11020.98
12875,2024-01-16,83,20,2,4925.2
12876,2025-08-05,54,14,6,8613.1
12877,2023-04-05,260,13,8,35203.46
12878,2023-08-09,31,38,1,4621.9
12879,2025-08-08,24,17,2,3210.38
12880,2023-03-02,29,4,8,16165.04
12881,2024-12-28,64,20,7,16272.35
12882,2025-09-03,88,11,4,11298.28
12883,2023-09-12,81,19,8,17414.73
12884,2025-02-02,64,34,7,53356.58
12885,2024-09-12,251,37,2,6028.52
12886,2025-02-07,245,29,7,30442.25
12887,2023-12-04,35,37,7,19047.52
12888,2023-05-07,46,9,6,22684.77
12889,2025-10-03,284,14,6,10129.85
12890,2023-04-24,224,32,2,5501.25
12891,2024-01-10,36,12,5,8529.89
12892,2023-01-02,37,24,6,27321.53
12893,2023-08-03,170,27,3,21108.71
12894,2024-12-14,1,13,5,23602.22
12895,2023-02-17,232,8,3,24708.2
12896,2023-08-28,285,1,5,39576.07
12897,2024-01-11,168,17,2,3252.3
12898,2023-12-30,257,17,1,1612.22
12899,2025-12-19,153,29,4,16963.65
12900,2023-07-24,261,30,6,51614.69
12901,2023-08-28,132,1,6,49105.58
12902,2025-04-10,87,20,5,10131.8
12903,2024-05-16,76,31,6,39423.77
12904,2024-06-29,1,39,2,4250.57
12905,2025-11-30,298,30,6,51796.34
12906,2023-08-14,8,12,3,4907.69
12907,2023-01-08,122,16,3,26966.87
12908,2025-08-21,92,15,1,6540.59
12909,2023-11-20,192,10,3,25729.78
12910,2023-12-17,219,1,4,34580.52
12911,2025-06-18,175,22,7,40761.45
12912,2024-11-14,25,11,2,5612.72
12913,2023-04-15,289,12,8,15505.04
12914,2025-09-04,254,15,2,12579.36
12915,2025-10-13,74,33,2,14110.15
12916,2023-01-10,165,30,8,68394.09
12917,2025-07-02,47,24,4,17274.78
12918,2023-07-12,165,30,4,34089.24
12919,2023-06-06,270,13,3,12763.04
12920,2025-04-17,259,16,5,44481.2
12921,2024-10-10,153,33,8,62565.18
12922,2024-04-23,139,25,8,69987.99
12923,2024-08-31,193,25,1,8056.84
12924,2023-08-08,173,9,5,20007.03
12925,2025-01-29,188,6,8,50305.97
12926,2024-01-25,290,9,1,
12927,2023-12-02,235,17,7,11121.45
12928,2024-09-04,213,11,4,10614.03
12929,2024-02-25,252,20,3,6124.1
12930,2023-03-12,11,11,2,5918.44
12931,2023-09-21,211,38,6,27092.19
12932,2025-12-08,72,39,1,2089.71
12933,2023-11-16,2,13,3,12599.29
12934,2024-03-09,2,30,2,16395.26
12935,2023-07-12,252,18,6,11322.46
12936,2023-02-27,185,32,3,8395.64
12937,2025-09-17,13,40,4,3874.36
12938,2024-10-12,163,34,4,30971.95
12939,2025-08-29,258,18,8,14069.66
12940,2025-06-29,276,20,4,9427.13
12941,2024-01-30,1,34,4,30865.78
12942,2024-06-10,83,15,7,41771.62
12943,2025-01-29,233,4,7,13758.7
12944,2025-04-30,64,16,6,57534.69
12945,2024-06-20,192,16,5,44672.33
12946,2023-02-11,197,4,8,17384.15
12947,2023-11-04,8,8,3,24235.55
12948,2023-12-07,58,16,6,58724.19
12949,2024-01-18,227,36,8,11180.33
12950,2024-10-06,245,17,6,9201.64
12951,2025-11-22,174,23,2,18572.14
12952,2023-06-11,247,13,8,32720.62
12953,2024-01-09,37,9,8,28834.54
12954,2023-10-20,72,7,6,48372.29
12955,2024-09-25,264,4,8,15160.13
12956,2025-06-10,17,3,3,5160.96
12957,2025-10-31,178,17,7,12077.76
12958,2024-07-09,189,23,2,18597.45
12959,2023-11-22,139,4,5,9589.2
12960,2023-08-27,110,37,3,8545.16
12961,2025-06-04,284,20,5,11562.66
12962,2023-02-19,270,36,7,9098.82
12963,2023-05-05,61,30,8,66294.34
12964,2023-03-09,193,17,1,1817.6
12965,2025-03-13,53,13,4,16122.62
12966,2025-07-22,44,11,8,23377.37
12967,2025-06-02,268,7,7,54627.56
12968,2023-10-28,185,21,4,21877.9
12969,2025-07-06,49,15,7,41948.02
12970,2023-01-06,77,20,3,7166.37
12971,2025-12-03,246,7,7,56827.51
12972,2024-10-16,246,28,5,12827.54
12973,2025-02-17,63,34,4,27644.68
12974,2023-04-17,60,23,5,42910.02
12975,2025-12-06,245,4,6,11127.93
12976,2024-03-04,300,7,3,23730.46
12977,2023-11-01,123,30,1,8157.82
12978,2025-07-20,294,13,2,9415.86
12979,2024-07-25,186,14,1,1578.84
12980,2023-05-25,283,39,7,15305.53
12981,2023-08-23,183,30,1,8884.51
12982,2024-02-03,173,18,2,3225.94
12983,2023-04-02,119,31,6,40219.67
12984,2024-07-08,271,12,5,9656.66
12985,2024-04-25,156,6,3,20948.22
12986,2024-12-11,36,19,3,6878.97
12987,2025-02-27,195,31,8,54617.01
12988,2023-05-28,77,12,4,7242.34
12989,2025-05-02,41,38,1,4226.83
12990,2025-06-18,9,13,7,28285.5
12991,2023-01-19,275,23,2,16692.59
12992,2025-04-12,46,8,8,56178.9
12993,2025-10-28,248,26,7,46045.95
12994,2024-03-05,248,8,5,40154.35
12995,2023-09-28,63,13,4,18396.43
12996,2024-08-26,162,3,7,13577.24
12997,2023-11-16,68,7,2,16777.79
12998,2023-08-18,188,5,2,7757.48
12999,2025-06-30,119,30,7,54946.12
11957,2025-03-05,70,26,8,55660.57
12087,2024-11-13,124,28,7,15411.15
11394,2025-02-07,4,6,4,28481.27
11520,2024-04-23,292,8,7,56767.24
11098,2023-08-13,21,7,7,59902.0
10393,2023-05-30,241,9,1,4036.56
10028,2025-07-11,34,3,7,12608.85
10099,2025-04-13,271,19,1,2055.08
10351,2024-05-02,226,37,2,6167.12
12020,2025-05-18,260,2,8,65979.57
11352,2025-08-01,28,2,1,9614.54
11144,2025-11-15,14,15,4,24878.32
12855,2024-02-10,92,16,4,35728.4
11225,2025-06-14,260,23,8,71673.5
10297,2025-11-03,163,11,1,3026.25
11785,2023-05-19,1,29,1,4182.78
10126,2023-11-18,227,3,5,9944.69
12757,2023-06-26,244,7,1,7550.17
11596,2025-08-15,193,19,4,8315.38
12027,2024-11-10,139,12,7,13120.01
12996,2024-08-26,162,3,7,13577.24
10681,2023-01-07,28,15,6,34551.83
10045,2023-11-06,274,22,7,39358.92
11436,2025-02-18,210,3,3,5901.85
12747,2024-05-22,179,7,6,53849.06
10301,2024-02-17,41,1,3,23356.71
12648,2024-09-21,142,37,8,21100.79
11607,2023-11-14,5,9,1,3623.51
10636,2024-10-19,248,21,1,4863.99
10547,2024-03-17,26,30,2,14997.51
11265,2025-11-17,261,32,5,12207.11
11270,2024-12-20,23,18,4,6906.79
10678,2025-11-07,18,24,1,4518.88
12612,2025-12-29,198,8,4,28230.79
12156,2025-07-03,70,4,1,2201.29
10705,2024-03-05,225,15,5,32975.07
11508,2025-10-07,175,8,8,56065.53
10110,2023-12-26,95,10,8,62072.48
12353,2024-11-24,272,16,5,46965.73
12177,2023-04-12,201,15,6,37710.97
